,排名,姓名（中文）,姓名（英文）,财富值（亿美元）,财富来源
0,1,杰夫·贝索斯,Jeff Bezos,1120,亚马逊
1,2,比尔·盖茨,Bill Gates,900,微软
2,3,沃伦·巴菲特,Warren Buffett,840,伯克希尔哈撒韦
3,4,伯纳德·阿诺特及家族,Bernard Arnault & family,720,路威酩轩
4,5,马克·扎克伯格,Mark Zuckerberg,710,Facebook
5,6,阿曼西奥·奥特加,Amancio Ortega,700,Zara
6,7,卡洛斯·斯利姆·埃卢及家族,Carlos Slim Helu & family,671,电信
7,8,查尔斯·科赫,Charles Koch,600,科氏工业
8,8,大卫·科赫,David Koch,600,科氏工业
9,10,拉里·埃里森,Larry Ellison,585,软件
10,11,迈克尔·布隆伯格,Michael Bloomberg,500,彭博
11,12,拉里·佩奇,Larry Page,488,谷歌
12,13,谢尔盖·布林,Sergey Brin,475,谷歌
13,14,吉姆·沃尔顿,Jim Walton,464,沃尔玛
14,15,S.罗伯森·沃尔顿,S. Robson Walton,462,沃尔玛
15,16,艾丽斯·沃尔顿,Alice Walton,460,沃尔玛
16,17,马化腾,Ma Huateng,453,网络媒体
17,18,弗朗索瓦丝·贝当古·迈耶斯及家族,Francoise Bettencourt Meyers & family,422,欧莱雅
18,19,穆克什·安巴尼,Mukesh Ambani,401,石化，石油和天然气
19,20,马云,Jack Ma,390,电子商务
20,21,谢尔登·阿德尔森,Sheldon Adelson,385,赌场
21,22,史蒂夫·鲍尔默,Steve Ballmer,384,微软
22,23,李嘉诚,Li Ka-shing,349,多元化经营
23,24,许家印,Hui Ka Yan,303,房地产
24,24,李兆基,Lee Shau Kee,303,房地产
25,26,王健林,Wang Jianlin,300,房地产
26,27,贝亚特·海斯特和小卡尔·阿尔布雷希特,Beate Heister & Karl Albrecht Jr,298,超市
27,28,菲尔·耐特及家族,Phil Knight & family,296,耐克
28,29,豪尔赫·保罗·雷曼,Jorge Paulo Lemann,274,啤酒
29,30,弗朗索瓦·皮诺特及家族,Francois Pinault & family,270,奢侈品
30,31,格奥尔格·舍弗勒,Georg Schaeffler,253,汽车零部件
31,32,苏珊娜·克拉腾,Susanne Klatten,250,宝马，医药
32,32,大卫·汤姆森及家族,David Thomson & family,250,媒体
33,34,杰奎琳·马尔斯,Jacqueline Mars,236,糖果，宠物食品
34,34,约翰·马尔斯,John Mars,236,糖果，宠物食品
35,36,约瑟夫·萨夫拉,Joseph Safra,235,银行业
36,37,乔瓦尼·费列罗,Giovanni Ferrero,230,能多益，巧克力
37,37,迪特里希·梅特舒兹,Dietrich Mateschitz,230,红牛
38,39,迈克尔·戴尔,Michael Dell,227,戴尔电脑
39,39,孙正义,Masayoshi Son,227,互联网，电信
40,41,塞尔日·达索及家族,Serge Dassault & family,226,多元化经营
41,42,斯特芬·科万特,Stefan Quandt,220,宝马
42,43,杨惠妍,Yang Huiyan,219,房地产
43,44,保罗·艾伦,Paul Allen,217,微软，投资
44,45,莱昂纳多·戴尔·维吉奥及家族,Leonardo Del Vecchio & family,212,眼镜
45,46,迪特尔·施瓦茨,Dieter Schwarz,209,零售
46,47,托马斯·彼得菲,Thomas Peterffy,203,折扣经纪
47,48,小西奥·阿尔布雷希特及家族,Theo Albrecht Jr. & family,202,阿尔迪，乔氏超市
48,48,莱恩·布拉瓦特尼克,Len Blavatnik,202,多元化经营
49,50,何享健,He Xiangjian,201,电器
50,50,呂志和,Lui Che Woo,201,赌场
51,52,詹姆斯·西蒙斯,James Simons,200,对冲基金
52,52,施至成,Henry Sy,200,多元化经营
53,54,埃隆·马斯克,Elon Musk,199,特斯拉汽车公司
54,55,欣杜贾家族,Hinduja family,195,多元化经营
55,55,柳井正及家族,Tadashi Yanai & family,195,时尚零售
56,57,弗拉基米尔·利辛,Vladimir Lisin,191,钢铁，运输
57,58,劳伦娜·鲍威尔·乔布斯及家族,Laurene Powell Jobs & family,188,Apple，迪士尼
58,58,阿齐姆·普莱姆基,Azim Premji,188,软件服务
59,60,阿列克谢·莫尔达索夫,Alexey Mordashov,187,钢铁，投资
60,61,李健熙,Lee Kun-Hee,186,三星
61,62,拉克希米·米塔尔,Lakshmi Mittal,185,钢铁
62,63,王卫,Wang Wei,182,快递
63,64,列昂尼德·米赫尔松,Leonid Mikhelson,180,天然气，化工
64,65,苏旭明,Charoen Sirivadhanabhakdi,179,饮料，房地产
65,66,帕朗吉·密斯特里,Pallonji Mistry,178,建筑施工
66,67,雷伊·达里奥,Ray Dalio,177,对冲基金
67,68,滝崎武光,Takemitsu Takizaki,175,传感器
68,69,丁磊,William Ding,174,网游
69,69,黄惠忠,R. Budi Hartono,174,银行业，烟草
70,69,吉娜·莱因哈特,Gina Rinehart,174,矿业
71,72,格尔曼·拉利阿·莫塔·维拉斯科及家族,German Larrea Mota Velasco & family,173,矿业
72,73,卡尔·伊坎,Carl Icahn,168,投资
73,73,斯蒂芬·佩尔森,Stefan Persson,168,H&M;
74,75,黄惠祥,Michael Hartono,167,银行业，烟草
75,75,刘銮雄,Joseph Lau,167,房地产
76,77,郭炳江，郭炳联,Thomas & Raymond Kwok,165,房地产
77,78,瓦吉特·阿列克佩罗夫,Vagit Alekperov,164,石油
78,78,詹姆斯·拉特克利夫,James Ratcliffe,164,化工
79,80,唐纳德·布伦,Donald Bren,163,房地产
80,80,伊里斯·冯特博纳及家族,Iris Fontbona & family,163,矿业
81,82,格纳迪·季姆琴科,Gennady Timchenko,160,石油，天然气
82,83,阿比盖尔·约翰逊,Abigail Johnson,159,资金管理
83,83,弗拉基米尔·波塔宁,Vladimir Potanin,159,金属
84,83,卢卡斯·沃尔顿,Lukas Walton,159,沃尔玛
85,86,夏琳·德卡瓦略-海内肯及家族,Charlene de Carvalho-Heineken & family,158,喜力
86,87,张志东,Zhang Zhidong,156,网络媒体
87,88,皮特·凯尔纳,Petr Kellner,155,银行业，保险
88,88,安德烈·梅尔尼琴科,Andrey Melnichenko,155,煤炭，化肥
89,88,大卫·鲁宾和西蒙·鲁宾,David & Simon Reuben,155,投资，房地产
90,91,克劳斯-迈克尔·库恩,Klaus-Michael Kuehne,153,航运
91,91,李书福,Li Shufu,153,汽车
92,93,米哈伊尔·弗里德曼,Mikhail Fridman,151,石油，银行业，电信
93,94,鲁珀特·默多克及家族,Rupert Murdoch & family,150,报纸，电视网
94,95,谢国民,Dhanin Chearavanont,149,多元化经营
95,96,郭鹤年,Robert Kuok,148,棕榈油，航运，房地产
96,97,伊曼纽尔·贝尼耶,Emmanuel Besnier,147,奶酪
97,98,希夫·纳达尔,Shiv Nadar,146,软件服务
98,99,维克多·维克塞尔伯格,Viktor Vekselberg,144,金属，能源
99,100,阿里科·丹格特,Aliko Dangote,141,水泥，糖，面粉
100,100,哈罗德·哈姆及家族,Harold Hamm & family,141,石油和天然气
101,102,史蒂夫·科恩,Steve Cohen,140,对冲基金
102,102,达斯汀·莫斯科维茨,Dustin Moskovitz,140,Facebook
103,102,马塞尔·赫尔曼·特莱斯,Marcel Herrmann Telles,140,啤酒
104,105,雷诺德·伍尔特及家族,Reinhold Wuerth & family,136,紧固件
105,106,查尔斯·厄尔根,Charles Ergen,134,卫星电视
106,106,埃里克·施密特,Eric Schmidt,134,谷歌
107,108,菲利浦·安舒茨,Philip Anschutz,130,投资
108,108,吉姆·肯尼迪,Jim Kennedy,130,媒体
109,108,布莱尔·帕里-奥基登,Blair Parry-Okeden,130,媒体
110,108,阿兰·韦特海默,Alain Wertheimer,130,香奈儿
111,108,杰拉德·韦特海默,Gerard Wertheimer,130,香奈儿
112,113,伦纳德·劳德,Leonard Lauder,129,雅诗兰黛
113,113,海因茨·赫尔曼·蒂勒及家族,Heinz Hermann Thiele & family,129,刹车
114,115,迪利普·桑哈维,Dilip Shanghvi,128,医药
115,116,哈索·普拉特纳及家族,Hasso Plattner & family,127,软件
116,117,史蒂芬·施瓦茨曼,Stephen Schwarzman,126,投资
117,118,雷军,Lei Jun,125,智能手机
118,118,汉斯·劳辛,Hans Rausing,125,包装
119,118,阿利舍尔·乌斯马诺夫,Alisher Usmanov,125,钢铁，电信，投资
120,121,唐纳德·纽豪斯,Donald Newhouse,123,媒体
121,122,吴光正,Peter Woo,122,房地产
122,123,路易斯·卡洛斯·萨米恩托,Luis Carlos Sarmiento,121,银行业
123,124,李彦宏,Robin Li,120,互联网搜索
124,124,卡洛斯·阿尔贝托·斯库彼拉,Carlos Alberto Sicupira,120,啤酒
125,126,徐廷珍,Seo Jung-Jin,119,生物科技
126,127,库玛尔·博拉,Kumar Birla,118,大宗商品
127,127,亚历山大·奥托,Alexander Otto,118,房地产
128,127,斯德法诺·佩斯纳,Stefano Pessina,118,药店
129,130,乌多·茨奇拉和哈罗德·茨奇拉,Udo & Harald Tschira,117,软件
130,130,王文银,Wang Wenyin,117,矿业，铜产品
131,132,安德鲁·比尔,Andrew Beal,116,银行，房地产
132,132,李文达,Lee Man Tat,116,蚝油，房地产
133,134,小约翰·默纳德,John Menard Jr.,115,家居商店
134,135,许世辉及家族,Xu Shihui & family,113,零食，饮料
135,135,周鸿祎,Zhou Hongyi,113,安全软件
136,137,龚虹嘉及家族,Gong Hongjia & family,112,视频监控
137,138,迈克尔·奥托及家族,Michael Otto & family,110,零售，房地产
138,138,大卫·泰珀,David Tepper,110,对冲基金
139,140,罗曼·阿布拉莫维奇,Roman Abramovich,108,钢铁，投资
140,140,刘强东,Richard Qiangdong Liu,108,电子商务
141,140,黄志祥与黄志达兄弟,Robert & Philip Ng,108,房地产
142,143,阿尔贝托·巴伊雷斯·冈萨雷斯及家族,Alberto Bailleres Gonzalez & family,107,矿业
143,143,乌代·科塔克,Uday Kotak,107,银行业
144,145,皮埃尔·奥米迪亚,Pierre Omidyar,105,eBay
145,146,沃尔特·德勒格,Walter P.J. Droege,103,咨询
146,147,迪特马尔·霍普及家族,Dietmar Hopp & family,102,软件
147,148,格雷姆·哈特,Graeme Hart,101,投资
148,148,爱德华多·萨维林,Eduardo Saverin,101,Facebook
149,148,阎志,Yan Zhi,101,房地产
150,151,拉达吉申·达马尼及家族,Radhakishan Damani & family,100,投资，零售
151,152,格尔曼·汗,German Khan,98,石油，银行业，电信
152,152,罗纳德·佩雷尔曼,Ronald Perelman,98,杠杆收购
153,154,高塔姆·阿达尼,Gautam Adani,97,大宗商品，港口
154,154,米奇·阿里森,Micky Arison,97,嘉年华邮轮
155,154,潘政民及家族,Pan Zhengmin & family,97,电子产品
156,154,蔡崇信,Joseph Tsai,97,电子商务
157,158,小托马斯·弗里斯特及家族,Thomas Frist Jr & family,96,医疗保健
158,158,米哈伊尔·普罗霍罗夫,Mikhail Prokhorov,96,投资
159,160,盖伦·韦斯顿及家族,Galen Weston & family,95,零售
160,160,宗庆后,Zong Qinghou,95,饮料
161,162,埃亚勒·奥弗,Eyal Ofer,94,房地产，航运
162,162,查尔斯·施瓦布,Charles Schwab,94,折扣经纪
163,164,吉安路易吉·阿庞特和拉斐拉·阿庞特,Gianluigi & Rafaela Aponte,93,航运
164,164,小赫伯特·科勒及家族,Herbert Kohler Jr. & family,93,管道装置
165,164,维克托·拉什尼科夫,Viktor Rashnikov,93,钢铁
166,167,哈里·特里古波夫,Harry Triguboff,92,房地产
167,167,奥古斯特·冯·芬克,August von Finck,92,投资
168,167,姚振华,Yao Zhenhua,92,多元化经营
169,170,扬·库姆,Jan Koum,91,WhatsApp
170,170,赛鲁斯·普纳瓦拉,Cyrus Poonawalla,91,疫苗
171,172,詹姆斯·古德纳特,James Goodnight,90,软件
172,172,肯·格里芬,Ken Griffin,90,对冲基金
173,174,乔治·阿玛尼,Giorgio Armani,89,时尚
174,174,埃内斯托·贝尔塔雷利,Ernesto Bertarelli,89,生物科技，投资
175,176,萨维特里·金达尔及家族,Savitri Jindal & family,88,钢铁
176,176,苏尼尔·米塔尔及家族,Sunil Mittal & family,88,电信
177,178,詹姆斯·钱伯斯,James Chambers,87,媒体
178,178,凯瑟琳·瑞纳,Katharine Rayner,87,媒体
179,178,玛格丽塔·泰勒,Margaretta Taylor,87,媒体
180,181,郭台铭,Terry Gou,85,电子产品
181,181,戈登·摩尔,Gordon Moore,85,英特尔
182,183,詹姆斯·欧文,James Irving,83,多元化经营
183,183,斯坦利·克伦克,Stanley Kroenke,83,体育，房地产
184,185,梅尔克·斯科尔林,Melker Schorling,82,投资
185,186,约翰·格拉夫,Johann Graf,81,博彩
186,186,郭广昌,Guo Guangchang,81,多元化经营
187,186,约翰·马龙,John Malone,81,有线电视
188,186,泽维尔·尼尔,Xavier Niel,81,互联网，电信
189,190,西尔维奥·贝卢斯科尼及家族,Silvio Berlusconi & family,80,媒体
190,190,卡尔·库克,Carl Cook,80,医疗器械
191,190,大卫·格芬,David Geffen,80,电影，唱片公司
192,190,许荣茂,Hui Wing Mau,80,房地产
193,190,郭炳湘,Walter Kwok,80,房地产
194,190,乔治·索罗斯,George Soros,80,对冲基金
195,196,爱德华·约翰逊三世,Edward Johnson III,79,资金管理
196,196,马希米丽亚娜·兰迪尼·阿利欧帝及家族,Massimiliana Landini Aleotti & family,79,医药
197,198,大卫·杜菲尔德,David Duffield,78,商业软件
198,198,乔治·凯泽,George Kaiser,78,石油和天然气，银行业
199,198,陈颂雄,Patrick Soon-Shiong,78,医药
200,198,周群飞,Zhou Qunfei,78,智能手机屏
201,202,尼基·奥本海默及家族,Nicky Oppenheimer & family,77,钻石
202,202,孙飘扬,Sun Piaoyang,77,医药
203,202,吴亚军及家族,Wu Yajun & family,77,房地产
204,205,阿列克谢·库兹米切夫,Alexei Kuzmichev,76,石油，银行业，电信
205,205,斯蒂芬·罗斯,Stephen Ross,76,房地产
206,207,文森特·博罗雷及家族,Vincent Bollore & family,74,投资
207,207,保利娜·麦克米伦·凯纳斯,Pauline MacMillan Keinath,74,嘉吉公司
208,207,李在镕,Jay Y. Lee,74,三星
209,207,安德斯·霍尔希·波维森,Anders Holch Povlsen,74,时尚零售
210,211,伊莱·布罗德,Eli Broad,73,投资
211,211,米高·嘉道理,Michael Kadoorie,73,酒店，能源
212,211,伊斯坎德尔·马克穆多夫,Iskander Makhmudov,73,矿业，金属，机械
213,211,弗雷德里克·保尔森,Frederik Paulsen,73,医疗保健
214,211,孙宏斌,Sun Hongbin,73,房地产
215,211,克里斯蒂·沃尔顿,Christy Walton,73,沃尔玛
216,217,舍希德·汗,Shahid Khan,72,汽车零部件
217,217,阿南达·克里斯南,Ananda Krishnan,72,电信，媒体，石油服务
218,217,黄嘉儿及家族,Carrie Perrodo & family,72,石油
219,217,郭令灿,Quek Leng Chan,72,银行业，房地产
220,217,王文学,Wang Wenxue,72,房地产
221,222,约翰·杜尔,John Doerr,71,风险投资
222,222,帕特里克·德拉希,Patrick Drahi,71,电信
223,222,伊娃·贡达·里维拉及家族,Eva Gonda de Rivera & family,71,饮料
224,222,威利·利布赫尔和伊索德·利布赫尔及家族,Willi & Isolde Liebherr & family,71,建筑施工
225,222,里卡多·萨利纳斯·普里戈,Ricardo Salinas Pliego & family,71,零售，媒体
226,222,徐庆培,Suh Kyung-Bae,71,化妆品
227,228,朱李月华,Pollyanna Chu,70,金融服务
228,228,约翰·弗雷德里克森,John Fredriksen,70,航运
229,228,吴清亮,Goh Cheng Liang,70,涂料
230,228,普拉卡什·洛希亚,Sri Prakash Lohia,70,聚酯纤维
231,228,卢志强,Lu Zhiqiang,70,房地产
232,228,约恩·劳辛,Jorn Rausing,70,包装
233,228,约翰·鲁伯特及家族,Johann Rupert & family,70,奢侈品
234,228,雅克·沙迪及家族,Jacques Saade & family,70,航运
235,228,吴少勋,Wu Shaoxun,70,酒业
236,237,列昂尼德·费顿,Leonid Fedun,69,石油
237,237,金正宇,Kim Jung-Ju,69,网游
238,237,桑德拉·奥特加·梅拉,Sandra Ortega Mera,69,Zara
239,237,吉姆·帕蒂森,Jim Pattison,69,多元化经营
240,237,迈克尔·普拉特,Michael Platt,69,对冲基金
241,242,陈丽华及家族,Chan Laiwa & family,68,房地产
242,242,大卫·格林及家族,David Green & family,68,零售
243,242,汉克·梅杰和道格·梅杰,Hank & Doug Meijer,68,超市
244,242,德米特里·雷波诺列夫,Dmitry Rybolovlev,68,化肥
245,242,蔡衍明及家族,Tsai Eng-Meng & family,68,食品，饮料
246,242,安德里亚斯·冯·贝托尔斯海姆及家族,Andreas von Bechtolsheim & family,68,谷歌
247,248,奥列格·德里帕斯卡,Oleg Deripaska,67,铝业，公用事业
248,248,刘永行,Liu Yongxing,67,多元化经营
249,248,路德维希·默克勒,Ludwig Merckle,67,医药
250,251,布莱恩·阿克顿,Brian Acton,66,WhatsApp
251,251,约翰·格雷肯,John Grayken,66,私募股权投资
252,251,安·沃尔顿·克伦克,Ann Walton Kroenke,66,沃尔玛
253,251,奥古斯都·佩尔费蒂与乔治奥·佩尔费蒂,Augusto & Giorgio Perfetti,66,糖果
254,251,芬恩·劳辛,Finn Rausing,66,包装
255,251,柯尔斯顿·劳辛,Kirsten Rausing,66,包装
256,251,奥德·莱坦,Odd Reitan,66,零售，房地产
257,251,纳塞夫·萨维里斯,Nassef Sawiris,66,建筑施工，化工
258,251,黄祖耀,Wee Cho Yaw,66,银行业
259,251,阿洛伊斯·沃本,Aloys Wobben,66,风力涡轮机
260,261,莱昂·布莱克,Leon Black,65,私募股权投资
261,261,伊凡·格拉森伯格,Ivan Glasenberg,65,矿业
262,261,约翰·保尔森,John Paulson,65,对冲基金
263,261,魏建军及家族,Wei Jianjun & family,65,汽车
264,265,蔡志明,Francis Choi,64,房地产
265,265,埃里温·豪布及家族,Erivan Haub & family,64,零售
266,265,江南春,Jason Jiang,64,广告
267,265,苏莱曼·克里莫夫,Suleiman Kerimov,64,投资
268,265,伊恩·利文斯通和理查德·利文斯通,Ian & Richard Livingstone,64,房地产
269,265,庞康,Pang Kang,64,酱油
270,265,大卫·肖,David Shaw,64,对冲基金
271,265,库夏·帕尔·辛格,Kushal Pal Singh,64,房地产
272,265,约翰·A.索布拉托及家族,John A. Sobrato & family,64,房地产
273,274,阿查里雅?巴克里希纳,Acharya Balkrishna,63,消费品
274,274,冈瑟·费尔曼及家族,Guenther Fielmann & family,63,验光
275,274,丹尼尔·吉尔伯特,Daniel Gilbert,63,Quicken Loans
276,274,安东尼娅·约翰逊,Antonia Ax:son Johnson,63,多元化经营
277,274,维克拉姆·拉尔,Vikram Lal,63,摩托车
278,274,森章及家族,Akira Mori & family,63,房地产
279,274,玛丽亚-伊丽莎白·舍弗勒,Maria-Elisabeth Schaeffler,63,汽车零部件
280,281,阿尔伯特·弗雷尔,Albert Frere,62,投资
281,281,理查德·金德,Richard Kinder,62,管道
282,281,罗伯特·克拉夫特,Robert Kraft,62,新英格兰爱国者队
283,281,拉尔夫·劳伦,Ralph Lauren,62,时尚
284,281,布鲁诺·施罗德及家族,Bruno Schroder & family,62,银行业
285,281,纳斯里?瓦迪亚,Nusli Wadia,62,消费品
286,287,皮埃尔·贝龙及家族,Pierre Bellon & family,61,食品服务
287,287,莱斯·卫克斯奈及家族,Les Wexner & family,61,零售
288,289,贝努·戈帕尔·班古尔,Benu Gopal Bangur,60,水泥
289,289,大卫·切瑞顿,David Cheriton,60,谷歌
290,289,马建荣及家族,Ma Jianrong & family,60,纺织品，服装
291,289,惠特尼·麦克米伦,Whitney MacMillan,60,嘉吉公司
292,289,丹·奥尔森,Dan Olsson,60,多元化经营
293,289,维维克·昌德·赛加尔,Vivek Chaand Sehgal,60,汽车零部件
294,289,郑鸿标,Teh Hong Piow,60,银行业
295,296,阿卜杜拉·本·艾哈迈德·古赖尔及家族,Abdulla bin Ahmad Al Ghurair & family,59,多元化经营
296,296,玛丽亚·亚松森·阿兰布鲁沙巴拉及家族,Maria Asuncion Aramburuzabala & family,59,啤酒，投资
297,296,拉尔夫·多摩莫斯,Ralph Dommermuth,59,互联网服务提供商
298,296,弗兰克·洛伊,Frank Lowy,59,商场
299,296,沃尔夫冈·马格雷,Wolfgang Marguerre,59,医药
300,296,马瑞克·马尔斯,Marijke Mars,59,糖果，宠物食品
301,296,帕梅拉·马尔斯,Pamela Mars,59,糖果，宠物食品
302,296,瓦莱利·马尔斯,Valerie Mars,59,糖果，宠物食品
303,296,维多利亚·马尔斯,Victoria Mars,59,糖果，宠物食品
304,305,大卫·巴克利和弗雷德里克·巴克利,David & Frederick Barclay,58,媒体，零售
305,305,吴奕辉,John Gokongwei Jr.,58,食品和饮料
306,305,权赫彬,Kwon Hyuk-Bin,58,网游
307,305,南希·沃尔顿·劳丽,Nancy Walton Laurie,58,沃尔玛
308,305,林堉璘,Lin Yu-ling,58,房地产
309,305,汤姆·勒夫与朱迪·勒夫,Tom & Judy Love,58,零售和加油站
310,305,罗伯特·罗琳,Robert Rowling,58,投资
311,305,丹尼斯·华盛顿,Dennis Washington,58,建筑施工，矿业
312,305,姚良松,Yao Liangsong,58,家具
313,305,张近东,Zhang Jindong,58,家电零售
314,315,胡安·弗朗西斯科·贝克曼·比达尔及家族,Juan Francisco Beckmann Vidal & family,57,烈酒
315,315,孙大卫,David Sun,57,计算机硬件
316,315,杜纪川,John Tu,57,计算机硬件
317,315,马丁·菲斯曼及家族,Martin Viessmann & family,57,加热设备
318,315,史蒂夫·韦特海默及家族,Stef Wertheimer & family,57,金工工具
319,315,汉斯约格·怀斯,Hansjoerg Wyss,57,医疗器械
320,321,詹姆斯·戴森,James Dyson,56,真空吸尘器
321,321,劳伦斯·格拉夫及家族,Laurence Graff & family,56,钻石首饰
322,321,黄仁勋,Jen-Hsun Huang,56,半导体
323,321,查尔斯·约翰逊,Charles Johnson,56,资金管理
324,321,杰里·琼斯,Jerry Jones,56,达拉斯牛仔队
325,321,纪海鹏,Kei Hoi Pang,56,房地产
326,321,郭氏家族,Kwee family,56,房地产
327,321,李深静,Lee Shin Cheng,56,棕榈油，房地产
328,321,理查德·勒弗拉克及家族,Richard LeFrak & family,56,房地产
329,321,永守重信,Shigenobu Nagamori,56,电动机
330,321,史蒂文·雷尔斯,Steven Rales,56,制造业
331,321,弗里德·斯普林格,Friede Springer,56,出版
332,321,杨建文,Yeung Kin-man,56,电子产品
333,334,雷纳托·阿克梅托夫,Rinat Akhmetov,55,钢铁，煤炭
334,334,莎丽·阿里森,Shari Arison,55,嘉年华邮轮
335,334,丹宁·阿瓦拉,Dannine Avara,55,管道
336,334,拉海尔·布劳赫,Rahel Blocher,55,化工
337,334,安德鲁·加里,Andrew Currie,55,化工
338,334,斯科特·邓肯,Scott Duncan,55,管道
339,334,米兰内·弗朗茨,Milane Frantz,55,管道
340,334,黛安·亨德里克斯,Diane Hendricks,55,屋顶产品
341,334,玛格达莱娜·马图洛-布劳赫,Magdalena Martullo-Blocher,55,化工
342,334,三木谷浩史,Hiroshi Mikitani,55,网络零售
343,334,加布·纽厄尔,Gabe Newell,55,电子游戏
344,334,潘苏通,Pan Sutong,55,房地产，金融
345,334,安东尼·普拉特,Anthony Pratt,55,包装
346,334,约翰·里斯,John Reece,55,化工
347,334,兰达·威廉姆斯,Randa Williams,55,管道
348,334,张邦鑫,Zhang Bangxin,55,课后辅导
349,334,张士平及家族,Zhang Shiping & family,55,铝业
350,351,让-米歇尔·贝尼耶,Jean-Michel Besnier,54,奶酪
351,351,玛丽·贝尼耶·博瓦罗,Marie Besnier Beauvalot,54,奶酪
352,351,理查德·迪沃斯及家族,Richard DeVos & family,54,安利
353,351,迈克尔·赫茨及家族,Michael Herz & family,54,咖啡
354,351,沃尔夫冈·赫茨及家族,Wolfgang Herz & family,54,咖啡
355,351,克伊尔德·科尔克·克里斯蒂安森,Kjeld Kirk Kristiansen,54,乐高
356,351,索菲·科尔克·克里斯蒂安森,Sofie Kirk Kristiansen,54,乐高
357,351,托马斯·科尔克·克里斯蒂安森,Thomas Kirk Kristiansen,54,乐高
358,351,林惠英,Lam Wai Ying,54,智能手机屏
359,351,林秀成及家族,Lin Xiucheng & family,54,电子产品
360,351,玛格丽塔·刘易斯-德雷弗斯及家族,Margarita Louis-Dreyfus & family,54,大宗商品
361,351,乔治·罗伯茨,George Roberts,54,私募股权投资
362,351,小爱德华·罗斯基,Edward Rosk Jr.,54,房地产
363,351,阿格尼特·科尔克·廷高,Agnete Kirk Thinggaard,54,乐高
364,365,迈克·阿登努加,Mike Adenuga,53,电信，石油
365,365,吉姆·戴维斯及家族,Jim Davis & family,53,新百伦
366,365,大卫·费罗,David Filo,53,雅虎
367,365,何超琼,Pansy Ho,53,赌场
368,365,亨利·克拉维斯,Henry Kravis,53,私募股权投资
369,365,埃马努埃莱 ·萨普托及家族,Emanuele (Lino) Saputo & family,53,奶酪
370,365,徐传化及家族,Xu Chuanhua & family,53,化工，物流
371,372,亚历山大·阿布拉莫夫,Alexander Abramov,52,钢铁，矿业
372,372,伊斯雷尔·英格兰德,Israel Englander,52,对冲基金
373,372,弗里茨·戈登斯迈迪恩,Frits Goldschmeding,52,短工中介
374,372,玛丽安·伊里奇,Marian Ilitch,52,披萨，运动队
375,372,布鲁斯·柯夫纳,Bruce Kovner,52,对冲基金
376,372,乔治·卢卡斯,George Lucas,52,电影《星球大战》
377,372,卡兰尼施·马兰,Kalanithi Maran,52,媒体
378,372,伊丽莎白·莫恩及家族,Elizabeth Mohn & family,52,出版
379,372,小罗伯特·里奇,Robert Rich Jr.,52,冷冻食品
380,372,王传福,Wang Chuanfu,52,电池，汽车
381,382,玛丽亚·费尔南达·阿莫林及家族,Maria Fernanda Amorim & family,51,能源，投资
382,382,彼得·阿文,Pyotr Aven,51,石油，银行业，电信
383,382,伯纳德·马库斯,Bernard Marcus,51,家得宝
384,382,佩德罗·莫雷拉·萨勒斯,Pedro Moreira Salles,51,银行业，矿物
385,382,弗雷德里克·史密斯,Frederick Smith,51,FedEx
386,382,朗达·斯瑞克,Ronda Stryker,51,医疗设备
387,388,理查德·布兰森,Richard Branson,50,维珍
388,388,苏巴斯·钱德拉,Subhash Chandra,50,媒体
389,388,丹尼斯·科茨,Denise Coates,50,在线博彩
390,388,玛莎·英格拉姆及家族,Martha Ingram & family,50,图书经销，运输
391,388,罗家宝,Law Kar Po,50,房地产
392,388,乔·刘易斯,Joe Lewis,50,投资
393,388,加布里埃尔·迈斯特及家族,Gabriella Meister & family,50,家电
394,388,费尔南多·罗伯托·莫雷拉·萨勒斯,Fernando Roberto Moreira Salles,50,银行业，矿物
395,388,若奥·莫雷拉·萨勒斯,Joao Moreira Salles,50,银行业，矿物
396,388,小沃尔特·莫雷拉·萨勒斯,Walther Moreira Salles Junior,50,银行业，矿物
397,388,潘卡·帕特尔,Pankaj Patel,50,医药
398,388,卡伦·普利兹克,Karen Pritzker,50,酒店，投资
399,388,托马斯·史密德海尼,Thomas Schmidheiny,50,水泥
400,388,威猜·斯里瓦塔那布拉帕,Vichai Srivaddhanaprabha,50,免税店
401,388,高原庆一郎及家族,Keiichiro Takahara & family,50,尿不湿
402,388,M.A.优素福·阿里,M.A. Yusuff Ali,50,零售
403,404,罗伯特·巴斯,Robert Bass,49,石油，投资
404,404,马克·贝尼奥夫,Marc Benioff,49,商业软件
405,404,马丁·布伊格和奥利佛·布伊格,Martin & Olivier Bouygues,49,建筑施工，媒体
406,404,郑梦九,Chung Mong-Koo,49,汽车
407,404,查尔斯·多兰及家族,Charles Dolan & family,49,有线电视
408,404,雷伊·李·亨特,Ray Lee Hunt,49,石油，房地产
409,404,刘永好及家族,Liu Yonghao & family,49,农业综合企业
410,404,约翰·欧文德克,John Overdeck,49,对冲基金
411,404,阿贾伊·皮拉马尔,Ajay Piramal,49,医药
412,404,恩里克·雷颂,Enrique Razon Jr.,49,港口
413,404,萨姆纳·雷德斯通,Sumner Redstone,49,媒体
414,404,保罗·马里奥·罗卡和吉安菲利斯·马里奥·罗卡,Paolo & Gianfelice Mario Rocca,49,管材生产
415,404,莱因霍尔德·施米丁,Reinhold Schmieding,49,医疗器械
416,404,大卫·西格尔,David Siegel,49,对冲基金
417,404,安德列·斯科奇,Andrei Skoch,49,钢铁
418,404,于泳,Yu Yong,49,矿业
419,404,山姆·泽尔,Sam Zell,49,房地产，私募股权投资
420,404,周建平,Zhou Jianping,49,时尚零售
421,422,巴贾吉兄弟,Bajaj brothers,48,多元化经营
422,422,加勒特·坎普,Garrett Camp,48,优步
423,422,布巴·凯西,Bubba Cathy,48,福来鸡
424,422,丹·凯西,Dan Cathy,48,福来鸡
425,422,傅利泉,Fu Liquan,48,监控设备
426,422,菲利普·格林和克里斯蒂娜·格林,Philip & Cristina Green,48,零售
427,422,米哈伊尔·古瑟里夫,Mikhail Gutseriev,48,石油，房地产
428,422,小鲁珀特·约翰逊,"Rupert Johnson, Jr.",48,资金管理
429,422,特拉维斯·卡拉尼克,Travis Kalanick,48,优步
430,422,安德烈·柯兹特钦,Andrei Kozitsyn,48,金属
431,422,霍斯特·保尔曼及家族,Horst Paulmann & family,48,零售
432,422,胡利奥·庞塞·勒鲁,Julio Ponce Lerou,48,化肥
433,422,特雷弗·里斯-琼斯,Trevor Rees-Jones,48,石油和天然气
434,422,马克·谢恩伯格,Mark Scheinberg,48,在线博彩
435,422,杰弗里·斯科尔,Jeffrey Skoll,48,eBay
436,422,穆拉特·乌尔卡,Murat Ulker,48,食品
437,422,丹尼尔·齐夫,Daniel Ziff,48,投资
438,422,德科·齐夫,Dirk Ziff,48,投资
439,422,罗伯特·齐夫,Robert Ziff,48,投资
440,441,尤尔根·布利克勒,Jurgen Blickle,47,汽车零部件
441,441,伯纳德·布略耳曼,Bernard Broermann,47,医院
442,441,克莱夫·考尔德,Clive Calder,47,唱片公司
443,441,斯坦利·德鲁肯米勒,Stanley Druckenmiller,47,对冲基金
444,441,特德·勒纳及家族,Ted Lerner & family,47,房地产
445,441,李水荣,Li Shuirong,47,石化
446,441,林国泰,Lim Kok Thay,47,赌场
447,441,尼尔森·彼得·路易斯-汉森,Niels Peter Louis-Hansen,47,医疗器械
448,441,弗雷德里克·伦德伯格,Fredrik Lundberg,47,房地产，投资
449,441,格温多琳·松泰姆·迈耶,Gwendolyn Sontheim Meyer,47,嘉吉公司
450,441,J.克里斯多夫·雷耶斯,J. Christopher Reyes,47,食品经销
451,441,裘德·雷耶斯,Jude Reyes,47,食品经销
452,441,亚历山德拉·斯科尔古伯,Alexandra Schoerghuber,47,房地产
453,441,谢尔登·索罗,Sheldon Solow,47,房地产
454,441,陈永栽,Lucio Tan,47,多元化经营
455,456,马希德·弗泰伊姆及家族,Majid Al Futtaim & family,46,房地产，零售
456,456,安德烈·巴比斯,Andrej Babis,46,农业
457,456,多纳·贝尔塔雷利,Dona Bertarelli,46,生物科技
458,456,蔡奎,Cai Kui,46,房地产
459,456,毕齐纳·伊万尼什维利,Bidzina Ivanishvili,46,投资
460,456,老杰里米·雅各布斯,Jeremy Jacobs Sr.,46,体育场馆特许经营店
461,456,克里斯·拉森,Chris Larsen,46,加密货币
462,456,李运强,Patrick Lee,46,纸业
463,456,梁稳根,Liang Wengen,46,建筑施工设备
464,456,丹尼斯·奥布赖恩,Denis O'Brien,46,电信
465,466,卡皮尔·巴蒂亚和拉胡尔·巴蒂亚,Kapil & Rahul Bhatia,45,航空公司
466,466,让·皮埃尔·卡亚尔,Jean Pierre Cayard,45,烈酒
467,466,崔泰源,Chey Tae-Won,45,IT，电信
468,466,方威,Fang Wei,45,钢铁
469,466,安德烈·古里厄夫,Andrei Guriev,45,化肥
470,466,伯提·霍特,Bertil Hult,45,教育
471,466,季昌群,Ji Changqun,45,房地产
472,466,保罗·都铎·琼斯二世,Paul Tudor Jones II,45,对冲基金
473,466,罗伯特·米勒,Robert Miller,45,零售
474,466,谢尔盖·波波夫,Sergei Popov,45,银行业
475,466,胡安·罗伊格,Juan Roig,45,超市
476,466,约翰·萨尔,John Sall,45,软件
477,466,伦纳德·斯特恩,Leonard Stern,45,房地产
478,466,叶澄海及家族,Ye Chenghai & family,45,医药
479,480,安东尼·班福德及家族,Anthony Bamford & family,44,建筑施工设备
480,480,朱孟依及家族,Chu Mang Yee & family,44,房地产
481,480,胡安·卡洛斯·埃斯科泰,Juan Carlos Escotet,44,银行业
482,480,米格尔·弗露克西亚·若赛罗,Miguel Fluxa Rossello,44,酒店
483,480,安德鲁·弗雷斯特,Andrew Forrest,44,矿业
484,480,保罗·高斯曼及家族,Paul Gauselmann & family,44,游戏机
485,480,塔玛拉·古斯塔夫森及家族,Tamara Gustavson & family,44,自存仓
486,480,米基·加提亚尼,Micky Jagtiani,44,零售
487,480,约翰·约翰逊,Johan Johannson,44,杂货店
488,480,李泽楷,Richard Li,44,电信
489,480,约翰·莫里斯,John Morris,44,体育用品零售
490,480,西奥·穆勒,Theo Mueller,44,乳制品
491,480,似鸟昭雄,Akio Nitori,44,家具
492,480,沃尔夫冈·赖曼,Wolfgang Reimann,44,消费品
493,480,马提亚斯·赖曼·安德森,Matthias Reimann-Andersen,44,消费品
494,480,斯蒂芬·赖曼·安德森,Stefan Reimann-Andersen,44,消费品
495,480,雷娜特·赖曼-哈斯,Renate Reimann-Haas,44,消费品
496,480,罗伯特·史密斯,Robert Smith,44,私募股权投资
497,480,拉斯·韦纳,Russ Weiner,44,能量饮料
498,499,杰罗尼莫·阿朗戈及家族,Jeronimo Arango & family,43,零售
499,499,拉胡尔·巴贾吉,Rahul Bajaj,43,摩托车
500,499,莱纳·布利克勒,Rainer Blickle,43,汽车零部件
501,499,罗科·科米索,Rocco Commisso,43,电信
502,499,朱塞佩·德龙,Giuseppe De'Longhi,43,咖啡机
503,499,蒂尔曼·弗提塔,Tilman Fertitta,43,餐馆，赌场
504,499,内森·基尔什,Nathan Kirsh,43,零售，房地产
505,499,泰伦斯·佩古拉,Terrence Pegula,43,天然气
506,499,罗伯特·佩拉,Robert Pera,43,无线网络设备
507,499,加里·罗林斯,Gary Rollins,43,病虫害防治
508,499,兰德尔·罗林斯,Randall Rollins,43,病虫害防治
509,499,亚历杭德罗·桑托·多明戈,Alejandro Santo Domingo,43,啤酒
510,499,安德烈斯·桑托·多明戈,Andres Santo Domingo,43,啤酒
511,499,潘日旺,Pham Nhat Vuong,43,多元化经营
512,499,王恒,Roger Wang,43,零售
513,514,史蒂芬·比斯奥蒂,Stephen Bisciotti,42,人员编制，巴尔的摩乌鸦队
514,514,奥斯汀·卡吉尔二世,Austen Cargill II,42,嘉吉公司
515,514,詹姆斯·卡吉尔二世,James Cargill II,42,嘉吉公司
516,514,阿尔奇·奥尔迪斯·伊莫森及家族,Archie Aldis Emmerson & family,42,林地，木材厂
517,514,安蒂·赫林,Antti Herlin,42,电梯，自动扶梯
518,514,谢中民,Sumet Jiaravanon,42,多元化经营
519,514,拉尔斯·拉森,Lars Larsen,42,零售
520,514,玛丽安·里布曼,Marianne Liebmann,42,嘉吉公司
521,514,鲍比·墨菲,Bobby Murphy,42,Snapchat
522,514,伊戈尔·奥伦尼科夫,Igor Olenicoff,42,房地产
523,514,小沃尔特·斯科特及家族,Walter Scott Jr. & family,42,公用事业，电信
524,514,小克莱米·斯潘格勒,Clemmie Spangler Jr.,42,投资
525,514,王玉锁及家族,Wang Yusuo & family,42,天然气
526,527,卡尔·贝内特,Carl Bennet,41,投资
527,527,阿瑟·布兰克,Arthur Blank,41,家得宝
528,527,谢正民,Jaran Chiaravanont,41,多元化经营
529,527,杰克·丹杰蒙德和劳拉·丹杰蒙德,Jack & Laura Dangermond,41,绘图软件
530,527,范红卫,Fan Hongwei,41,石化
531,527,约翰·甘德尔,John Gandel,41,商场
532,527,詹姆斯·简纳德,James Jannard,41,墨镜
533,527,谢大民,Montri Jiaravanont,41,多元化经营
534,527,李德义,Samuel Tak Lee,41,房地产
535,527,帕万·穆贾尔及家族,Pawan Munjal & family,41,摩托车
536,527,阿克塞尔·奥伯尔维兰德,Axel Oberwelland,41,糖果
537,527,詹姆斯·帕克,James Packer,41,赌场
538,527,艾萨克·珀尔马特,Isaac Perlmutter,41,漫威漫画
539,527,老H.罗斯·佩罗,H. Ross Perot Sr.,41,计算机服务，房地产
540,527,迈克尔·皮珀,Michael Pieper,41,厨房电器
541,527,托马斯·普利兹克,Thomas Pritzker,41,酒店，投资
542,527,小朱利安·罗伯逊,Julian Robertson Jr.,41,对冲基金
543,527,伦佐·罗索及家族,Renzo Rosso & family,41,时尚
544,527,侯赛因·萨志瓦尼,Hussain Sajwani,41,房地产
545,527,重田康光及家族,Yasumitsu Shigeta & family,41,移动电话零售商
546,527,埃文·斯皮格尔,Evan Spiegel,41,Snapchat
547,527,王兴,Wang Xing,41,电子商务
548,527,科尔茨·沃伦,Kelcy Warren,41,管道
549,550,本·阿什肯纳齐,Ben Ashkenazy,40,房地产
550,550,乌苏拉·贝克托什梅尔-基普,Ursula Bechtolsheimer-Kipp,40,零售
551,550,奥托·菲利浦·布劳恩,Otto Philipp Braun,40,医疗技术
552,550,车建新,Che jianxin,40,家具零售
553,550,达格玛·杜比及家族,Dagmar Dolby & family,40,杜比实验室
554,550,特劳德尔·恩格尔霍恩及家族,Traudl Engelhorn & family,40,医药，医疗设备
555,550,丹·弗莱德金,Dan Friedkin,40,丰田经销
556,550,谢尔盖·加利茨基,Sergei Galitsky,40,零售
557,550,黄如论,Huang Rulun,40,房地产
558,550,埃尔曼·伊里卡克,Erman Ilicak,40,建筑施工
559,550,罗纳德·劳德,Ronald Lauder,40,雅诗兰黛
560,550,米歇尔·雷勒克及家族,Michel Leclercq & family,40,体育用品
561,550,迈克尔·莫里茨,Michael Moritz,40,风险投资
562,550,艾萨德·里布拉布及家族,Issad Rebrab & family,40,食品
563,550,纳吉布·萨维里斯,Naguib Sawiris,40,电信
564,550,理查德·舒尔茨,Richard Schulze,40,百思买
565,550,B.R.谢帝,B.R. Shetty,40,医疗保健
566,550,杰夫·萨顿,Jeff Sutton,40,房地产
567,550,陈觉中,Tony Tan Caktiong,40,食品
568,550,喻渭蛟,Yu Huijiao,40,快递
569,550,张学信及家族,Zhang Xuexin & family,40,铝业
570,550,张一鸣,Zhang Yiming,40,软件
571,572,苏海勒·巴万,Suhail Bahwan,39,多元化经营
572,572,瑞克·卡鲁索,Rick Caruso,39,房地产
573,572,汤姆·戈尔斯,Tom Gores,39,私募股权投资
574,572,彼得·哈格里夫斯,Peter Hargreaves,39,金融服务
575,572,丹妮拉·赫茨,Daniela Herz,39,咖啡
576,572,冈特·赫茨及家族,Guenter Herz & family,39,咖啡
577,572,伊藤雅俊,Masatoshi Ito,39,零售
578,572,林百里,Barry Lam,39,电子产品
579,572,苏迪尔·梅塔和萨米尔·梅塔,Sudhir & Samir Mehta,39,多元化经营
580,572,拉维·皮莱,Ravi Pillai,39,建筑施工
581,572,斯图尔特·雷斯尼克和琳达·雷斯尼克,Stewart and Lynda Resnick,39,农业，水务
582,572,杰里·斯派尔,Jerry Speyer,39,房地产
583,572,哈里·斯泰恩,Harry Stine,39,农业
584,572,郑少坚,George Ty,39,银行业
585,572,史蒂文·伍得瓦-赫兹,Steven Udvar-Hazy,39,飞机租赁
586,572,克里斯托弗·泽勒,Christoph Zeller,39,牙种植体
587,588,那森·布莱卡斯亚克,Nathan Blecharczyk,38,爱彼迎
588,588,赫伯特·博达及家族,Hubert Burda & family,38,出版
589,588,陈东升,Chen Dongsheng,38,保险
590,588,布莱恩·切斯基,Brian Chesky,38,爱彼迎
591,588,古斯塔夫·道格拉斯,Gustaf Douglas,38,投资
592,588,乔·吉比亚,Joe Gebbia,38,爱彼迎
593,588,彼得·吉尔根,Peter Gilgan,38,住宅建造
594,588,杰弗·格林,Jeff Greene,38,房地产，投资
595,588,蒋卫平及家族,Jiang Weiping & family,38,化工
596,588,多米尼卡?库奇科和塞巴斯蒂安?库奇科,Dominika & Sebastian Kulczyk,38,多元化经营
597,588,李华,Li Wa,38,房地产
598,588,罗伯特·麦克纳尔,Robert McNair,38,能源，体育
599,588,三木正浩,Masahiro Miki,38,鞋业
600,588,卡瑟丽娜·奥托-本斯坦,Katharina Otto-Bernstein,38,房地产
601,588,艾拉·雷纳特,Ira Rennert,38,投资
602,588,亨利·萨缪里,Henry Samueli,38,半导体
603,588,曾芳勤,Zeng Fangqin,38,智能手机组件
604,588,张劲,Zhang Jin,38,多元化经营
605,606,尼克·卡普莱拉,Nick Caporella,37,饮料
606,606,马克·库班,Mark Cuban,37,网络媒体
607,606,肯·费舍尔,Ken Fisher,37,资金管理
608,606,杰米·吉林斯基·巴卡尔,Jaime Gilinski Bacal,37,银行业
609,606,安德里亚斯·哈尔沃森,Andreas Halvorsen,37,对冲基金
610,606,H·菲斯克·约翰逊,H. Fisk Johnson,37,保洁用品
611,606,伊莫金·鲍尔斯·约翰逊,Imogene Powers Johnson,37,保洁用品
612,606,S·柯蒂斯·约翰逊,S. Curtis Johnson,37,保洁用品
613,606,海伦·约翰逊-雷波德,Helen Johnson-Leipold,37,保洁用品
614,606,温妮·约翰逊-马奎特,Winnie Johnson-Marquart,37,保洁用品
615,606,维亚切斯拉夫·坎特,Viacheslav Kantor,37,化肥，房地产
616,606,山姆威尔·卡拉佩特延,Samvel Karapetyan,37,房地产
617,606,马克·拉德雷德·拉夏里埃,Marc Ladreit de Lacharriere,37,金融
618,606,梁安琪,Angela Leong,37,赌场
619,606,李丐腾,Li Gaiteng,37,吹风机
620,606,曼加尔·普拉巴特·罗哈,Mangal Prabhat Lodha,37,房地产
621,606,迈克尔·米尔肯,Michael Milken,37,投资
622,606,尤里·米尔纳,Yuri Milner,37,科技投资
623,606,安德里亚斯·斯特朗格曼,Andreas Struengmann,37,医药
624,606,托马斯·斯特朗格曼,Thomas Struengmann,37,医药
625,606,谢炳,Tse Ping,37,医药
626,606,伊扎克·特苏瓦,Yitzhak Tshuva,37,房地产
627,606,尹衍樑,Samuel Yin,37,多元化经营
628,629,迈克尔·阿什利,Michael Ashley,36,体育用品零售
629,629,曹龙祥及家族,Cao Longxiang & family,36,医药
630,629,杰弗里·希尔德布兰德,Jeffery Hildebrand,36,石油
631,629,蒋仁生及家族,Jiang Rensheng & family,36,疫苗
632,629,爱德华·约翰逊四世,Edward Johnson IV,36,资金管理
633,629,伊丽莎白·约翰逊,Elizabeth Johnson,36,资金管理
634,629,彼得·凯洛格,Peter Kellogg,36,投资
635,629,林盛基,Lim Sung Ki,36,医药
636,629,弗莱德汉姆·洛,Friedhelm Loh,36,制造业
637,629,基兰·玛朱姆达-肖,Kiran Mazumdar-Shaw,36,生物科技
638,629,伊丹·奥弗,Idan Ofer,36,钻井，航运
639,629,卡珊·帕特尔,Karsanbhai Patel,36,消费品
640,629,秦英林及家族,Qin Yinglin & family,36,生猪养殖
641,629,邱光和及家族,Qiu Guanghe & family,36,时尚零售
642,629,萨拉特·拉塔纳瓦迪,Sarath Ratanavadi,36,能源
643,629,罗杰·莱尼,Rodger Riney,36,折扣经纪
644,629,史蒂文·斯皮尔伯格,Steven Spielberg,36,电影
645,629,加布里尔·福尔克曼,Gabriele Volkmann,36,汽车零部件
646,629,阿恩·威廉森及家族,Arne Wilhelmsen & family,36,邮轮
647,629,徐镜人,Xu Jingren,36,医药
648,629,张力,Zhang Li,36,房地产
649,629,张欣及家族,Zhang Xin & family,36,房地产
650,629,安妮塔·扎克,Anita Zucker,36,化工
651,652,卡洛·贝纳通,Carlo Benetton,35,时尚，投资
652,652,吉尔伯托·贝纳通,Gilberto Benetton,35,时尚，投资
653,652,朱丽安娜·贝纳通,Giuliana Benetton,35,时尚，投资
654,652,卢西亚诺·贝纳通,Luciano Benetton,35,时尚，投资
655,652,陈邦,Chen Bang,35,医院
656,652,库尔迪普·辛格和古尔巴坎·辛格·丁格拉,Kuldip Singh & Gurbachan Singh Dhingra,35,涂料
657,652,阿比利奥·多斯桑托斯·迪尼兹,Abilio dos Santos Diniz,35,零售
658,652,伯纳德·埃克莱斯顿及家族,Bernard Ecclestone & family,35,一级方程式赛车
659,652,朱迪·福克纳,Judy Faulkner,35,医疗信息技术
660,652,高天国,Gao Tianguo,35,房地产，金融
661,652,约书亚·哈里斯,Joshua Harris,35,私募股权投资
662,652,亚瑟·欧文,Arthur Irving,35,石油
663,652,巴巴·卡利亚尼,Baba Kalyani,35,工程
664,652,德米特里·卡门斯契克,Dmitry Kamenshchik,35,机场
665,652,道格拉斯·莱昂内,Douglas Leone,35,风险投资
666,652,梁绍鸿,Edwin Leong,35,房地产
667,652,阿农·米尔坎,Arnon Milchan,35,电影制作
668,652,马伦·奥托,Maren Otto,35,零售
669,652,安东尼·普利兹克,Anthony Pritzker,35,酒店，投资
670,652,杰伊·罗伯特·普利兹克,Jay Robert (J.B.) Pritzker,35,酒店，投资
671,652,米切尔·雷尔斯,Mitchell Rales,35,制造业，投资
672,652,谢尔·英奇·罗克,Kjell Inge Rokke,35,航运，海产
673,652,伯纳德·索尔二世,Bernard Saul II,35,银行业，房地产
674,652,唐纳德·斯特林,Donald Sterling,35,房地产
675,652,翁俊民及家族,Tahir & family,35,多元化经营
676,652,凯鲁·丹绒,Chairul Tanjung,35,多元化经营
677,652,克莱门斯·滕尼斯,Clemens Toennies,35,肉类加工
678,679,索姆霍特·阿乎奈,Somphote Ahunai,34,能源
679,679,伊戈尔·阿图辛,Igor Altushkin,34,金属
680,679,赖利·贝克特尔及家族,Riley Bechtel & family,34,工程，建筑施工
681,679,小斯蒂芬·贝克特尔,Stephen Bechtel Jr.,34,工程，建筑施工
682,679,麦克·坎农-布鲁克斯,Mike Cannon-Brookes,34,软件
683,679,拉斐尔·德皮诺·卡尔沃-索特洛,Rafael Del Pino y Calvo-Sotelo,34,建筑施工
684,679,安东尼奥·德瓦勒·鲁伊斯及家族,Antonio Del Valle Ruiz & family,34,化工
685,679,斯科特·法夸尔,Scott Farquhar,34,软件
686,679,林赛·福克斯,Lindsay Fox,34,物流，房地产
687,679,吉米·哈斯拉姆,Jimmy Haslam,34,加油站，零售
688,679,海蒂·霍滕,Heidi Horten,34,零售
689,679,高民环及家族,Min Kao & family,34,导航设备
690,679,马东敏,Melissa Ma,34,网络搜索
691,679,鲁道夫·马格,Rudolf Maag,34,医疗器械
692,679,亚历山大·波诺马连科,Alexander Ponomarenko,34,港口
693,679,卡洛斯·罗德里格斯-帕斯托,Carlos Rodriguez-Pastor,34,金融
694,679,沙希·鲁雅和拉维·鲁雅,Shashi & Ravi Ruia,34,多元化经营
695,679,泰迪·萨吉,Teddy Sagi,34,博彩软件
696,679,沙乌勒·沙尼,Shaul Shani,34,电信
697,679,亚历山大·斯库罗波加特科,Alexander Skorobogatko,34,港口
698,679,孙广信,Sun Guangxin,34,多元化经营
699,679,廖汤慧霭,Rita Tong Liu,34,房地产
700,679,胡安-米格尔·比利亚尔·米尔及家族,Juan-Miguel Villar Mir & family,34,建筑施工
701,679,史蒂夫·韦恩,Steve Wynn,34,赌场，酒店
702,703,阿尼尔·阿加瓦尔及家族,Anil Agarwal & family,33,矿业，金属
703,703,阿卜杜拉·弗泰伊姆,Abdulla Al Futtaim,33,汽车经销商，投资
704,703,约翰·阿诺德,John Arnold,33,对冲基金
705,703,锡德·巴斯,Sid Bass,33,石油，投资
706,703,阿兰·布夏尔,Alain Bouchard,33,零售
707,703,约翰·布朗,John Brown,33,医疗设备
708,703,侯业顺,Vanich Chaiyawan,33,保险，饮料
709,703,曾立强,Chen Lip Keong,33,赌场，房地产，能源
710,703,查尔斯·科恩,Charles Cohen,33,房地产
711,703,阿什温·达尼,Ashwin Dani,33,涂料
712,703,拉克什·甘瓦尔,Rakesh Gangwal,33,航空公司
713,703,里德·霍夫曼,Reid Hoffman,33,LinkedIn
714,703,小阿莫斯·霍斯泰特,Amos Hostetter Jr.,33,有线电视
715,703,扎拉卡·伊利耶夫,Zarakh Iliev,33,房地产
716,703,季琦,Ji Qi,33,酒店，汽旅
717,703,肯尼思·朗格尼,Kenneth Langone,33,投资
718,703,李思廉,Li Sze Lim,33,房地产
719,703,乔治·林德曼及家族,George Lindemann & family,33,投资
720,703,刘忠田及家族,Liu Zhongtian & family,33,铝业
721,703,罗立国及家族,Luo Liguo & family,33,硅产品
722,703,玛丽·艾丽斯·多兰斯·马龙,Mary Alice Dorrance Malone,33,金宝汤
723,703,亨利·尼古拉斯二世,Henry Nicholas II,33,半导体
724,703,高德·尼萨洛夫,God Nisanov,33,房地产
725,703,帕特·斯瑞克,Pat Stryker,33,医疗设备
726,703,亚历山大·斯维塔科夫,Alexander Svetakov,33,房地产
727,703,汉斯·彼得·维尔德,Hans Peter Wild,33,香料
728,729,伊冯·鲍尔,Yvonne Bauer,32,媒体
729,729,帕吉欧·贝尔特利,Patrizio Bertelli,32,时尚
730,729,尼尔·布卢姆,Neil Bluhm,32,房地产
731,729,程正昌和蒋佩琪夫妇,Andrew & Peggy Cherng,32,餐馆
732,729,斯科特·库克,Scott Cook,32,软件
733,729,莱昂·G.库珀曼,Leon G. Cooperman,32,对冲基金
734,729,约翰·保罗·德约里尔,John Paul DeJoria,32,美发产品，龙舌兰酒
735,729,马丁·艾博内,Martin Ebner,32,投资
736,729,沃尔特·法利亚,Walter Faria,32,啤酒
737,729,萨米尔?格洛及家族,Sameer Gehlaut & family,32,金融
738,729,汤姆·格里萨诺,Tom Golisano,32,薪酬服务
739,729,奥托·哈佩尔,Otto Happel,32,工程
740,729,姜滨,Jiang Bin,32,声学组件
741,729,卡雷尔·科玛列克,Karel Komarek,32,彩票
742,729,柯特·克里格尔,Kurt Krieger,32,家具零售
743,729,铁木尔·库利巴耶夫,Timur Kulibaev,32,银行业
744,729,迪纳拉·库利巴耶娃,Dinara Kulibaeva,32,银行业
745,729,斯皮罗·拉特西斯及家族,Spiro Latsis & family,32,银行业，航运
746,729,丹尼尔·勒布,Daniel Loeb,32,对冲基金
747,729,罗结及家族,Luo Jye & family,32,轮胎
748,729,罗纳德·麦高利,Ronald McAulay,32,能源
749,729,阿兰·梅里埃及家族,Alain Merieux & family,32,医药
750,729,汉斯·乔治·纳德,Hans Georg Naeder,32,假肢
751,729,聂腾云及家族,Nie Tengyun & family,32,物流
752,729,丹尼尔·奥奇,Daniel Och,32,对冲基金
753,729,缪西娅·普拉达,Miuccia Prada,32,时尚
754,729,马克·罗恩,Marc Rowan,32,私募股权投资
755,729,哈伊姆·萨班,Haim Saban,32,电视网络，投资
756,729,阿尔瓦罗·塞耶·本德克,Alvaro Saieh Bendeck,32,银行业
757,729,迈克尔·施密特-鲁腾贝克和莱纳·施密特-鲁腾贝克,Michael & Rainer Schmidt-Ruthenbeck,32,零售
758,729,林恩·舒斯特曼,Lynn Schusterman,32,石油和天然气，投资
759,729,马克·舒恩,Mark Shoen,32,U-Haul
760,729,米哈·索罗,Michal Solowow,32,投资
761,729,蔡明忠,Daniel Tsai,32,金融
762,729,蔡明兴,Richard Tsai,32,金融
763,729,汪滔,Frank Wang,32,无人机
764,729,梅格·惠特曼,Meg Whitman,32,eBay
765,766,约翰·卡西马蒂斯,John Catsimatidis,31,石油，房地产
766,766,张东文和张金淑夫妇,Do Won  & Jin Sook Chang,31,时尚零售
767,766,郑翔玲,Cheng Cheung Ling,31,医药
768,766,巴里·迪勒,Barry Diller,31,网络媒体
769,766,杰克·多尔西,Jack Dorsey,31,Twitter
770,766,亚基尔·加巴伊,Yakir Gabay,31,房地产
771,766,阿兰·戈德曼,Allan Goldman,31,房地产
772,766,简·戈德曼,Jane Goldman,31,房地产
773,766,埃米·戈德曼·福勒,Amy Goldman Fowler,31,房地产
774,766,达里尔·卡茨,Daryl Katz,31,药店
775,766,戴安·坎珀尔,Diane Kemper,31,房地产
776,766,弗拉基米尔·金,Vladimir Kim,31,矿业
777,766,赖梅松,Lai Meisong,31,快递
778,766,曼努埃尔·拉奥·赫尔南德斯,Manuel Lao Hernandez,31,博彩
779,766,詹姆斯·勒普林诺,James Leprino,31,奶酪
780,766,梁信军,Liang Xinjun,31,多元化经营
781,766,汤姆·莫里斯,Tom Morris,31,零售
782,766,阮氏芳邵族,Nguyen Thi Phuong Thao,31,航空公司
783,766,拉詹·拉赫贾及家族,Rajan Raheja & family,31,多元化经营
784,766,任建华,Ren Jianhua,31,电器
785,766,理查德·桑兹,Richard Sands,31,食品和饮料
786,766,克里·斯托克斯,Kerry Stokes,31,建筑施工设备，媒体
787,766,唐纳德·特朗普,Donald Trump,31,房地产
788,766,罗密什·T. 瓦德哈尼,Romesh T. Wadhwani,31,软件
789,766,汪建,Wang Jian,31,基因组测序
790,791,克里福德·阿斯尼斯,Clifford Asness,30,投资管理
791,791,安妮·博富尔,Anne Beaufour,30,医药
792,791,昂利·博富尔,Henri Beaufour,30,医药
793,791,汤姆·本森及家族,Tom Benson & family,30,新奥尔良圣徒队
794,791,吉姆·布雷耶,Jim Breyer,30,风险投资
795,791,亚历杭德罗·巴尔格洛尼,Alejandro Bulgheroni,30,石油和天然气
796,791,哈斯穆克·丘德加,Hasmukh Chudgar,30,医药
797,791,恩尼奥·多瑞斯及家族,Ennio Doris & family,30,金融服务
798,791,路易斯·弗里亚斯,Luis Frias,30,移动支付
799,791,瓦伦丁·加蓬赛夫及家族,Valentin Gapontsev & family,30,激光器
800,791,马丁·海夫纳,Martin Haefner,30,软件，投资
801,791,克里斯托弗·霍恩,Christopher Hohn,30,对冲基金
802,791,约翰纳尔·亨特,Johnelle Hunt,30,货运
803,791,拉克什·金君瓦拉,Rakesh Jhunjhunwala,30,投资
804,791,吕向阳,Lu Xiangyang,30,汽车，电池
805,791,约翰·米德尔顿,John Middleton,30,烟草
806,791,冈田和生及家族,Kazuo Okada & family,30,赌场
807,791,乔治·佩雷斯,Jorge Perez,30,房地产
808,791,普拉瑟特·普拉萨通-奥索斯,Prasert Prasarttong-Osoth,30,医院
809,791,珍·普利兹克,Jean (Gigi) Pritzker,30,酒店，投资
810,791,李文正及家族,Mochtar Riady & family,30,多元化经营
811,791,阿卡迪·罗滕伯格,Arkady Rotenberg,30,建筑施工，管道，银行业
812,791,迈克尔·鲁宾,Michael Rubin,30,网络零售
813,791,罗伯特·桑兹,Robert Sands,30,食品与饮料
814,791,赫伯特·西蒙,Herbert Simon,30,房地产
815,791,罗伯特·滕尼斯,Robert Toennies,30,肉类加工
816,791,曼努埃尔·维拉,Manuel Villar,30,房地产
817,791,唐·瓦尔塔吉欧及家族,Don Vultaggio & family,30,Arizona饮料
818,791,王振华,Wang Zhenhua,30,房地产
819,791,吴凯庭,Wu Kaiting,30,电子产品
820,791,谢世煌,Simon Xie,30,网上支付服务
821,822,查克·布恩德兰特,Chuck Bundrant,29,渔业
822,822,蔡东晨,Cai Dongchen,29,医药
823,822,何塞·卡尔德隆·罗哈斯和弗朗西斯科·何塞·卡尔德隆·罗哈斯,Jose and Francisco Jose Calderon Rojas,29,饮料
824,822,张虔生,Jason Chang,29,电子产品
825,822,斯米塔·克里什纳·戈德瑞吉,Smita Crishna-Godrej,29,消费品
826,822,丁世忠及家族,Ding Shizhong & family,29,运动服饰
827,822,冯海良,Feng Hailiang,29,多元化经营
828,822,杰拉尔德·福特,Gerald Ford,29,银行业
829,822,菲利普·弗德赛,Philippe Foriel-Destezet,29,劳动中介
830,822,阿迪·戈德瑞吉,Adi Godrej,29,消费品
831,822,贾姆希德·戈德瑞吉,Jamshyd Godrej,29,消费品
832,822,纳迪尔·戈德瑞吉,Nadir Godrej,29,消费品
833,822,约瑟夫·格林迪斯,Joseph Grendys,29,禽类加工
834,822,海达·伊姆·布拉姆-德勒格,Hedda im Brahm-Droege,29,咨询
835,822,柯尊洪及家族,Ke Zunhong & family,29,医药
836,822,兰德尔·柯克,Randal Kirk,29,医药
837,822,艾丽西亚·科普洛维茨,Alicia Koplowitz,29,建筑施工，投资
838,822,郭令明,Leng Beng Kwek,29,房地产
839,822,路易斯·乐达夫,Louis Le Duff,29,面包店
840,822,前泽友作,Yusaku Maezawa,29,网络零售
841,822,塞尔吉奥·曼特加扎,Sergio Mantegazza,29,旅游
842,822,汉斯·梅尔彻斯,Hans Melchers,29,化工，投资
843,822,欧文·弗朗茨·穆勒,Erwin Franz Mueller,29,药店
844,822,日沙德·纳奥若吉,Rishad Naoroji,29,消费品
845,822,胡斯鲁·奥兹耶金,Husnu Ozyegin,29,金融，多元化经营
846,822,彭云鹏,Prajogo Pangestu,29,石化
847,822,杰夫·罗斯柴尔德,Jeff Rothschild,29,Facebook
848,822,托马斯·西贝尔,Thomas Siebel,29,商业软件
849,822,保罗·辛格,Paul Singer,29,对冲基金
850,822,拉尔夫·索南伯格,Ralph Sonnenberg,29,百叶窗
851,822,乔恩·斯瑞克,Jon Stryker,29,医疗设备
852,822,格奥尔格·斯坦普夫,Georg Stumpf,29,房地产，建筑施工
853,822,蔡宏图,Tsai Hong-tu,29,金融
854,822,文森特·维奥拉,Vincent Viola,29,电子交易
855,822,拉多万·维特克,Radovan Vitek,29,房地产
856,822,王来春,Wang Laichun,29,电子元件
857,822,王来胜,Wang Laisheng,29,电子元件
858,859,卡洛斯·阿迪拉·卢勒,Carlos Ardila Lulle,28,软饮料，多元化经营
859,859,小威廉·康威,William Conway Jr.,28,私募股权投资
860,859,丹尼尔·德安尼埃罗,Daniel D'Aniello,28,私募股权投资
861,859,吉姆·戴维斯,Jim Davis,28,人员编制和招聘公司
862,859,丁世家,Ding Shijia,28,运动服饰
863,859,约翰·多兰斯三世,John Dorrance III,28,金宝汤
864,859,多丽丝·费舍尔,Doris Fisher,28,Gap
865,859,约翰·费舍尔,John Fisher,28,Gap
866,859,卡罗琳·哈根·克约斯,Caroline Hagen Kjos,28,多元化经营
867,859,黄凯,Kieu Hoang,28,医疗产品
868,859,黄世再,Huang Shih Tsai,28,房地产
869,859,韦恩·胡伊赞加,H. Wayne Huizenga,28,投资
870,859,奥斯曼·吉巴尔,Osman Kibar,28,生物科技
871,859,阿洛克·洛希亚,Aloke Lohia,28,石化
872,859,塔哈·米卡提,Taha Mikati,28,电信
873,859,菲利普·尼阿乔斯,Philip Niarchos,28,艺术品收藏
874,859,斯蒂芬·奥尔森,Stefan Olsson,28,多元化经营
875,859,塞巴斯蒂安·皮涅拉及家族,Sebastian Pinera & family,28,投资
876,859,潘妮·普利兹克,Penny Pritzker,28,酒店，投资
877,859,尼古拉斯·皮埃什,Nicolas Puech,28,爱马仕
878,859,昌德鲁·拉赫贾,Chandru Raheja,28,房地产
879,859,大卫·鲁宾斯坦,David Rubenstein,28,私募股权投资
880,859,史玉柱,Shi Yuzhu,28,网游，投资
881,859,齐格蒙特·索罗茨-扎克,Zygmunt Solorz-Zak,28,电视广播
882,859,董建成,Tung Chee Chen,28,航运
883,859,马克·沃尔特,Mark Walter,28,金融
884,859,小威廉·瑞格利,William Wrigley Jr.,28,口香糖
885,859,莫蒂默·朱克曼,Mortimer Zuckerman,28,房地产，媒体
886,887,穆哈德·阿利塔徳,Mohed Altrad,27,脚手架，混凝土搅拌机
887,887,阿尼尔·安巴尼,Anil Ambani,27,多元化经营
888,887,罗伯托·安赫利尼·罗西,Roberto Angelini Rossi,27,林业，矿业
889,887,萨伊德·本·布提·奇波西,Saeed bin Butti Al Qebaisi,27,医院，投资
890,887,陈泰铭,Pierre Chen,27,艺术品，电子产品
891,887,雷伊·戴维斯,Ray Davis,27,管道
892,887,小爱德华·德巴特罗,Edward DeBartolo Jr.,27,购物中心
893,887,贝内特·多兰斯,Bennett Dorrance,27,金宝汤
894,887,爱德华多·尤尼金,Eduardo Eurnekian,27,机场，投资
895,887,皮耶罗·法拉利,Piero Ferrari,27,汽车
896,887,菲奥娜·杰明德,Fiona Geminder,27,包装，投资
897,887,顾玉华及家族,Gu Yuhua & family,27,家具
898,887,唐·汉基,Don Hankey,27,汽车贷款
899,887,里德·哈斯廷斯,Reed Hastings,27,Netflix
900,887,黄伟,Huang Wei,27,房地产
901,887,詹姆斯·埃尔舍,James Irsay,27,印第安纳波利斯小马队
902,887,金范秀,Kim Beom-Su,27,网络服务
903,887,穆斯塔法·库库克,Mustafa Kucuk,27,时尚零售
904,887,穆罕默德·曼苏尔,Mohamed Mansour,27,多元化经营
905,887,纳吉布·米卡提,Najib Mikati,27,电信
906,887,厄米里奥·佩雷拉·德莫拉埃斯,Ermirio Pereira de Moraes,27,多元化经营
907,887,鲍勃·帕森斯,Bob Parsons,27,虚拟主机
908,887,李智正,Krit Ratanarak,27,媒体，房地产
909,887,海伦娜·雷沃雷多,Helena Revoredo,27,安全服务
910,887,菲利普·拉芬,Phillip Ruffin,27,赌场，房地产
911,887,霍华德·舒尔兹,Howard Schultz,27,星巴克
912,887,E. 乔·舒恩,E. Joe Shoen,27,U-Haul
913,887,托马斯·施特劳曼,Thomas Straumann,27,牙种植体
914,887,劳伦斯·斯特罗尔,Lawrence Stroll,27,时尚投资
915,887,吴聪满,Andrew Tan,27,多元化经营
916,887,蔡政达,Tsai Cheng-da,27,金融
917,887,范德士,Frank VanderSloot,27,营养和健康产品
918,887,桑德罗·维洛尼西,Sandro Veronesi,27,时尚
919,887,泰伊·华纳,Ty Warner,27,房地产，毛绒玩具
920,887,奥普拉·温弗瑞,Oprah Winfrey,27,电视节目
921,887,张文中,Zhang Wenzhong,27,零售
922,887,左晖,Zuo Hui,27,房地产服务
923,924,胡安·阿韦略,Juan Abello,26,投资
924,924,赛玛哈特·塞维姆·阿塞尔,Semahat Sevim Arsel,26,多元化经营
925,924,房俊赫,Bang Jun-Hyuk,26,网游
926,924,库斯·拜克尔,Koos Bekker,26,媒体，投资
927,924,大卫·邦德曼,David Bonderman,26,私募股权投资
928,924,弗朗西斯科·加埃塔诺·卡尔塔吉龙,Francesco Gaetano Caltagirone,26,水泥，多元化经营
929,924,约翰·考德韦尔,John Caudwell,26,手机
930,924,陈发树,Chen Fashu,26,投资
931,924,郑义宣,Chung Eui-Sun,26,物流
932,924,伊莎贝尔·多斯桑托斯,Isabel dos Santos,26,投资
933,924,方润华,Fong Yun Wah,26,房地产
934,924,菲利普·弗罗斯特,Phillip Frost,26,医药
935,924,卢茨·马里奥·赫尔米西,Lutz Mario Helmig,26,医院
936,924,B· 韦恩·休斯,B. Wayne Hughes,26,自存仓
937,924,丹尼尔·克雷钦斯基,Daniel Kretinsky,26,能源生产
938,924,拉吉·库玛和吉辛·RK,Raj Kumar & Kishin RK,26,房地产
939,924,林刚,Lam Kong,26,医药
940,924,刘子君,Lau Cho Kun,26,棕榈油，房地产
941,924,小斯蒂芬·曼德尔,Stephen Mandel Jr.,26,对冲基金
942,924,吉勒斯·马丁,Gilles Martin,26,实验室服务
943,924,丹尼尔·马特,Daniel Mate,26,矿业，大宗商品
944,924,罗伯特·米勒,Robert Miller,26,电子元件
945,924,豪尔赫·莫尔·菲尔霍,Jorge Moll Filho,26,医院
946,924,玛丽亚·海伦娜·莫拉埃斯·斯克利皮利蒂,Maria Helena Moraes Scripilliti,26,多元化经营
947,924,肖恩·帕克,Sean Parker,26,Facebook
948,924,杰伊·保罗,Jay Paul,26,房地产
949,924,帕特里克·赖安,Patrick Ryan,26,保险
950,924,托马斯·塞康达,Thomas Secunda,26,彭博
951,924,沈文荣,Shen Wenrong,26,钢铁
952,924,沈玉兴,Shen Yuxing,26,房地产
953,924,吉尔·舍伍德,Gil Shwed,26,软件
954,924,宋作文,Song Zuowen,26,铝业，多元化经营
955,924,沃伦·史蒂芬斯,Warren Stephens,26,投资银行
956,924,格伦·泰勒,Glen Taylor,26,印刷
957,924,汉妮·突斯比·卡斯浦扎克,Hanni Toosbuy Kasprzak,26,鞋业
958,924,托比约恩·托恩奎斯特,Torbjorn Tornqvist,26,石油贸易
959,924,布拉特·乌泰穆拉托夫,Bulat Utemuratov,26,矿业，银行业，酒店
960,924,奇普·威尔逊,Chip Wilson,26,露露柠檬公司（Lululemon）
961,924,杨致远,Jerry Yang,26,雅虎
962,924,张帆,Zhang Fan,26,触摸屏
963,924,朱兴良,Zhu Xingliang,26,建筑施工
964,965,艾琳·劳德·辛特罗费尔,Aerin Lauder Zinterhofer,25,化妆品
965,965,蔡启文,Ramon Ang,25,多元化经营
966,965,爱德华·巴斯,Edward Bass,25,石油，投资
967,965,李·巴斯,Lee Bass,25,石油，投资
968,965,伯特·贝弗里奇,Bert Beveridge,25,伏特加
969,965,乔治·毕夏普,George Bishop,25,石油和天然气
970,965,杰米·博廷,Jaime Botin,25,银行业
971,965,诺曼·布莱曼,Norman Braman,25,"艺术, 汽车经销"
972,965,秦荣华,Chin Jong Hwa,25,汽车零部件
973,965,曹德旺,Cho Tak Wong,25,汽车零部件
974,965,约翰·科茨,John Coates,25,在线博彩
975,965,杜江涛及家族,Du Jiangtao & family,25,化工
976,965,阿利奥索·安德雷德·法利亚,Aloysio de Andrade Faria,25,银行业
977,965,肯尼思·菲尔德及家族,Kenneth Feld & family,25,马戏表演，现场表演
978,965,卢卡·加拉沃格利亚,Luca Garavoglia,25,烈酒
979,965,诺姆·戈特斯曼,Noam Gottesman,25,对冲基金
980,965,乔纳森·格雷,Jonathan Gray,25,投资
981,965,斯泰因·埃里克·哈根,Stein Erik Hagen,25,消费品
982,965,韩昌祐及家族,Han Chang-Woo & family,25,柏青哥机店
983,965,约翰·亨利,John Henry,25,体育
984,965,何猷龙,Lawrence Ho,25,赌场
985,965,许连捷,Hui Lin Chit,25,卫生用品
986,965,穆斯塔法·拉赫米·考克,Mustafa Rahmi Koc,25,多元化经营
987,965,关锦安,Kuan Kam Hon,25,合成手套
988,965,简·劳德,Jane Lauder,25,化妆品
989,965,马里查·拉扎里及家族,Maritsa Lazari & family,25,房地产
990,965,伯纳德·里维斯及家族,Bernard Lewis & family,25,零售
991,965,罗康瑞,Vincent Lo,25,房地产
992,965,杰弗里·洛博鲍姆,Jeffrey Lorberbaum,25,地板
993,965,乔·曼索托,Joe Mansueto,25,投资研究
994,965,何塞·罗伯托·马里尼奥,Jose Roberto Marinho,25,媒体
995,965,罗伯托·伊利内乌·马里尼奥,Roberto Irineu Marinho,25,媒体
996,965,迪恩·梅特珀罗斯,C. Dean Metropoulos,25,投资
997,965,阿里斯托德利斯·密斯塔吉迪斯,Aristotelis Mistakidis,25,矿业，大宗商品
998,965,阿图罗·莫雷诺,Arturo Moreno,25,广告牌，安那海姆天使队（Anaheim Angels）
999,965,森佳子,Yoshiko Mori,25,房地产
1000,965,亚当?诺依曼,Adam Neumann,25,WeWork
1001,965,柯为湘,Or Wai Sheun,25,房地产
1002,965,理查德·佩里,Richard Peery,25,房地产
1003,965,霍斯特·朱利叶斯·普德维尔,Horst Julius Pudwill,25,制造业
1004,965,P.V. 兰姆普拉萨·雷迪,P.V. Ramprasad Reddy,25,医药
1005,965,拉里·罗宾斯,Larry Robbins,25,对冲基金
1006,965,卡洛斯·桑切斯,Carlos Sanchez,25,仿制药
1007,965,斯蒂芬·史密德海尼,Stephan Schmidheiny,25,投资
1008,965,克劳斯-彼得·舒伦伯格,Klaus-Peter Schulenberg,25,票务服务
1009,965,查尔斯·西蒙尼,Charles Simonyi,25,微软
1010,965,马克·斯蒂文斯,Mark Stevens,25,风险投资
1011,965,施文博,Sze Man Bok,25,卫生用品
1012,965,萨利克·塔拉,Sarik Tara,25,建筑施工
1013,965,洛蒂·塔姆,Lottie Tham,25,H&M;
1014,965,彼得·泰尔,Peter Thiel,25,Facebook，软件
1015,965,伊莲·韦恩,Elaine Wynn,25,赌场，酒店
1016,965,丹尼斯·约克,Denise York,25,旧金山49人队（San Francisco 49ers）
1017,965,大卫·扎利克,David Zalik,25,科技
1018,965,赵涛,Zhao Tao,25,医药
1019,1020,乔治·阿吉罗斯及家族,George Argyros & family,24,房地产，投资
1020,1020,约翰·阿里拉加,John Arrillaga,24,房地产
1021,1020,查尔斯·布朗夫曼,Charles Bronfman,24,酒精饮料
1022,1020,彼得·巴克,Peter Buck,24,赛百味
1023,1020,陈金霞,Chen Jinxia,24,投资
1024,1020,陈慧慧,Vivien Chen,24,房地产
1025,1020,朱林瑶,Chu Lam Yiu,24,香料
1026,1020,让·库都,Jean Coutu,24,药店
1027,1020,约瑟·路易斯·库特拉莱,Jose Luis Cutrale,24,橙汁
1028,1020,贾伊·哈里·达尔米亚和亚杜·哈里·达尔米亚及家族,Jai Hari & Yadu Hari dalmia & family,24,水泥
1029,1020,比尔吉特·道格拉斯,Bergit Douglas,24,消费品
1030,1020,阿尔弗雷多·艾吉迪奥·阿鲁达·维莱拉·菲尔霍,Alfredo Egydio Arruda Villela Filho,24,银行业
1031,1020,马赛尔·埃尔尼,Marcel Erni,24,私募股权投资
1032,1020,安德列·艾斯泰维斯,Andre Esteves,24,银行业
1033,1020,卡洛·费达尼,Carlo Fidani,24,房地产
1034,1020,阿贝·费罗迪亚,Abhay Firodia,24,汽车
1035,1020,阿尔弗雷德·冈特内,Alfred Gantner,24,私募股权投资
1036,1020,耿建明及家族,Geng Jianming & family,24,房地产
1037,1020,米切尔·古德哈,Mitchell Goldhar,24,房地产
1038,1020,霍滕西亚·赫雷罗,Hortensia Herrero,24,超市
1039,1020,迈克尔·辛兹,Michael Hintze,24,投资
1040,1020,伊戈尔·克萨伊夫,Igor Kesaev,24,烟草经销，零售
1041,1020,管保强,Koon Poh Keong,24,铝业
1042,1020,赫尔曼·朗尼斯,Herman Langness,24,食品，零售
1043,1020,李仲初,Li Zhongchu,24,软件
1044,1020,亚历山大·马穆特,Alexander Mamut,24,投资
1045,1020,若昂·罗伯托·马里尼奥,Joao Roberto Marinho,24,媒体
1046,1020,小德雷顿·麦克莱恩,Drayton McLane Jr.,24,沃尔玛，物流
1047,1020,帕特里斯·莫特赛比,Patrice Motsepe,24,矿业
1048,1020,阿尔弗雷德·厄特克尔,Alfred Oetker,24,消费品
1049,1020,奥古斯特·厄特克尔,August Oetker,24,消费品
1050,1020,卡尔·斐迪南·厄特克尔,Carl Ferdinand Oetker,24,消费品
1051,1020,克里斯汀·厄特克尔,Christian Oetker,24,消费品
1052,1020,茱莉亚·厄特克尔,Julia Oetker,24,消费品
1053,1020,理查德·厄特克尔,Richard Oetker,24,消费品
1054,1020,丹尼尔·普利兹克,Daniel Pritzker,24,酒店，投资
1055,1020,约翰·普利兹克,John Pritzker,24,酒店，投资
1056,1020,纳瓦尔多·罗恰及家族,Nevaldo Rocha & family,24,零售
1057,1020,卢基·罗瓦帝及家族,Luigi Rovati & family,24,医药
1058,1020,弗里特·法伊克·萨罕克,Ferit Faik Sahenk,24,多元化经营
1059,1020,罗斯利·施魏策尔,Rosely Schweizer,24,消费品
1060,1020,埃里克·斯密特,Eric Smidt,24,五金店
1061,1020,亚历山大·斯帕诺斯及家族,Alexander Spanos & family,24,房地产，洛杉矶电光队
1062,1020,丽娜·特瓦里,Leena Tewari,24,医药
1063,1020,童锦泉,Tong Jinquan,24,房地产
1064,1020,彼得·昂格尔,Peter Unger,24,汽车修理
1065,1020,桑尼·瓦尔基,Sunny Varkey,24,教育
1066,1020,乌尔斯·威特里斯巴赫,Urs Wietlisbach,24,私募股权投资
1067,1020,邢李?,Michael Ying,24,零售
1068,1020,俞敏洪,Yu Minhong,24,教育
1069,1070,伊娃·玛丽亚·布赫-海夫纳,Eva Maria Bucher-Haefner,23,冠群电脑（Computer Associates）
1070,1070,陈华,Chen Hua,23,房地产
1071,1070,古斯塔沃·迪尼格里,Gustavo Denegri,23,生物科技
1072,1070,德莫特·德斯蒙德,Dermot Desmond,23,金融
1073,1070,穆拉利·迪维,Murali Divi,23,医药
1074,1070,托马斯·弗洛尔,Thomas Flohr,23,航空
1075,1070,伯纳德·弗雷斯,Bernard Fraisse,23,医药
1076,1070,哈什·戈恩卡,Harsh Goenka,23,多元化经营
1077,1070,大卫·戈特斯曼,David Gottesman,23,投资
1078,1070,穆利·达尔·吉安昌德尼和比马尔·库马尔·吉安昌德尼,Murli Dhar & Bimal Kumar Gyanchandani,23,清洁剂
1079,1070,比尔·哈斯拉姆,Bill Haslam,23,卡车服务站
1080,1070,胡柏藩,Hu Baifan,23,医药
1081,1070,W.赫伯特·亨特,W. Herbert Hunt,23,石油
1082,1070,艾力江·易卜拉欣莫夫,Alijan Ibragimov,23,矿业，金属
1083,1070,布拉德利·雅各布斯,Bradley Jacobs,23,物流
1084,1070,布拉德·凯利,Brad Kelley,23,烟草
1085,1070,维诺德·科斯拉,Vinod Khosla,23,风险投资
1086,1070,斯蒂芬·兰斯当,Stephen Lansdown,23,金融服务
1087,1070,刘炽平,Martin Lau,23,电子商务
1088,1070,李重根,Lee Joong-Keun,23,建筑施工，房地产
1089,1070,林立,Lin Li,23,投资
1090,1070,罗乐风,Kenneth Lo,23,纺织
1091,1070,亚历山大·马赫科维奇,Alexander Machkevich,23,矿业，金属
1092,1070,克莱顿·马蒂尔,Clayton Mathile,23,宠物食品
1093,1070,斯坦利·佩龙,Stanley Perron,23,房地产，零售
1094,1070,J.乔·里基茨,J. Joe Ricketts,23,TD Ameritrade
1095,1070,德克·罗斯曼及家族,Dirk Rossmann & family,23,药店
1096,1070,菲丽兹·萨罕克,Filiz Sahenk,23,多元化经营
1097,1070,丹·斯奈德,Dan Snyder,23,华盛顿红皮队
1098,1070,彼得·斯普勒,Peter Spuhler,23,轨道车辆
1099,1070,邓耀,Tang Yiu,23,时尚零售
1100,1070,约翰·泰森,John Tyson,23,食品加工
1101,1070,黄敏利,Wong Man Li,23,家具
1102,1103,利亚·玛丽亚·阿吉亚尔,Lia Maria Aguiar,22,银行
1103,1103,阿齐兹 ·阿赫努什及家族,Aziz Akhannouch & family,22,石油，多元化经营
1104,1103,罗恩·拜伦,Ron Baron,22,资金管理
1105,1103,巴迪亚兄弟,Shyam & Hari Bhartia,22,多元化经营
1106,1103,蒂莫西·博伊尔,Timothy Boyle,22,哥伦比亚运动服(Columbia Sportswear)
1107,1103,塔蒂阿娜·卡西拉吉,Tatiana Casiraghi,22,啤酒
1108,1103,陈潭庆芬,Chan Tan Ching-fen,22,房地产
1109,1103,切斯·科尔曼三世,Chase Coleman III,22,对冲基金
1110,1103,马克·库姆斯,Mark Coombs,22,金融
1111,1103,詹姆斯·库尔特,James Coulter,22,私募股权投资
1112,1103,杜耳塞·普格里斯·德戈多伊·布埃诺,Dulce Pugliese de Godoy Bueno,22,医院，医疗保健
1113,1103,安娜·露西亚·德马托斯·巴雷托·维莱拉,Ana Lucia de Mattos Barretto Villela,22,银行
1114,1103,弗兰克-菲尔蒂塔三世,Frank Fertitta III,22,赌场，终极格斗冠军赛
1115,1103,洛伦索·费尔蒂塔,Lorenzo Fertitta,22,赌场，终极格斗冠军赛
1116,1103,玛丽亚·弗兰卡·菲索罗,Maria Franca Fissolo,22,花生酱，巧克力
1117,1103,亚历山大·弗罗洛夫,Alexander Frolov,22,矿业，钢铁
1118,1103,厄内斯特·加西亚二世,Ernest Garcia II,22,二手车
1119,1103,亚历山大·格雷顿·巴泰勒,Alexandre Grendene Bartelle,22,鞋业
1120,1103,薇诺德·古普塔和阿尼尔·莱伊·古普塔,Vinod & Anil Rai Gupta,22,电气设备
1121,1103,托尔施泰因·哈根,Torstein Hagen,22,游轮
1122,1103,何巧女,He Qiaonv,22,景观建筑
1123,1103,汉斯-维尔纳·赫克托,Hans-Werner Hector,22,SAP
1124,1103,斯坦利·哈伯德,Stanley Hubbard,22,DirecTV公司
1125,1103,柯希平及家族,Ke Xiping & family,22,投资
1126,1103,苏娜·基拉克,Suna Kirac,22,多元化经营
1127,1103,孔健岷,Kong Jian Min,22,房地产
1128,1103,具本茂,Koo Bon-Moo,22,多元化经营
1129,1103,海基·科斯提亚,Heikki Kyostila,22,牙科产品
1130,1103,托马斯·李,Thomas Lee,22,私募股权投资
1131,1103,埃里克·莱夫科夫斯基,Eric Lefkofsky,22,Groupon
1132,1103,林荣福,Peter Lim,22,投资
1133,1103,林耀英及家族,Scott Lin & family,22,光学元件
1134,1103,托马斯·奥利维欧·洛佩兹,Tomas Olivo Lopez,22,购物中心
1135,1103,菲利普·T（特里）·拉根,Phillip T. (Terry) Ragon,22,医疗信息技术
1136,1103,斯图尔特·拉赫尔,Stewart Rahr,22,药品经销
1137,1103,T·丹尼·桑福德,T. Denny Sanford,22,银行业，信用卡
1138,1103,胡里奥·马里奥·桑托·多明戈三世,"Julio Mario Santo Domingo , III",22,啤酒
1139,1103,卡尔·舍费尔三世及家族,Karl Scheufele  III & family,22,首饰
1140,1103,沈国军,Shen Guojun,22,零售
1141,1103,阿伦·塔拉韦拉,Alain Taravella,22,房地产
1142,1103,奥列格·京科夫,Oleg Tinkov,22,银行业
1143,1103,蔡镇宇,T.Y.Tsai,22,金融
1144,1103,董建华,Tung Chee Hwa,22,航运
1145,1103,特德·特纳,Ted Turner,22,有线电视
1146,1103,苏尼尔·瓦斯瓦尼,Sunil Vaswani,22,多元化经营
1147,1103,吉滕德拉·弗瓦尼,Jitendra Virwani,22,房地产
1148,1103,兰·沃克,Lang Walker,23,房地产
1149,1103,吴志刚及家族,Wu Zhigang & family,22,面包连锁
1150,1103,肖文革,Xiao Wenge,22,娱乐
1151,1103,熊续强及家族,Xiong Xuqiang & family,22,房地产
1152,1103,安田隆夫,Takao Yasuda,22,零售
1153,1103,威廉·扬,William Young,22,塑料
1154,1103,埃迪·扎卡伊和索尔·扎卡伊,Eddie & Sol Zakay,22,房地产
1155,1103,张秀根及家族,Zhang Xiugen & family,22,汽车
1156,1157,莱斯利·亚历山大,Leslie Alexander,21,休斯顿火箭队
1157,1157,帕特丽夏·安赫里尼·罗西,Patricia Angelini Rossi,21,林业，矿业
1158,1157,约瑟夫·博库瓦及家族,Josef Boquoi & family,21,冷冻食品
1159,1157,尼古拉·布伊诺夫,Nikolai Buinov,21,油气
1160,1157,理查德·钱德勒,Richard Chandler,21,投资
1161,1157,程雪,Cheng Xue,21,酱油
1162,1157,帕特科·乔迪耶夫,Patokh Chodiev,21,矿业，金属
1163,1157,朱章元,Choo Chong Ngen,21,酒店
1164,1157,托德·克里斯托弗,Todd Christopher,21,头发护理产品
1165,1157,约翰·德莫尔,John de Mol,21,电视
1166,1157,鲍勃·加戈拉迪,Bob Gaglardi,21,酒店
1167,1157,戈登·盖蒂,Gordon Getty,21,盖蒂石油公司
1168,1157,菲利普·吉内斯特,Philippe Ginestet,21,零售商店
1169,1157,桑吉夫·戈恩卡,Sanjiv Goenka,21,多元化经营
1170,1157,亚历克·戈尔斯,Alec Gores,21,私募股权投资
1171,1157,大卫·海恩斯,David Hains,21,投资
1172,1157,巴哈·哈里里,Bahaa Hariri,21,房地产，投资，物流
1173,1157,威廉·海内克,William Heinecke,21,酒店
1174,1157,黄红云及家族,Huang Hongyun & family,21,房地产
1175,1157,黄振达及家族,Huang Zhenda & family,21,建筑施工
1176,1157,拉维·斋浦里亚,Ravi Jaipuria,21,软饮料
1177,1157,蒋业华及家族,Jiang Yehua & family,21,房地产
1178,1157,曼努埃尔·约夫,Manuel Jove,21,房地产
1179,1157,威利伯特·克鲁格,Willibert Krueger,21,食品加工
1180,1157,郭孔丰,Kuok Khoon Hong,21,棕榈油
1181,1157,克里斯蒂安·拉杜什,Christian Latouche,21,会计服务
1182,1157,冈瑟·莱曼及家族,Guenther Lehmann & family,21,药店
1183,1157,李洪信及家族,Li Hongxin & family,21,纸产品
1184,1157,李西廷,Li Xiting,21,医疗器械
1185,1157,梁允超,Liang Yunchao,21,营养品
1186,1157,雷震瀛,Brandt Louie,21,药妆连锁店
1187,1157,凯瑟琳·洛奇克,Catherine Lozick,21,阀门制造
1188,1157,伊戈尔·马卡洛夫,Igor Makarov,21,天然气
1189,1157,茅理翔及家族,Mao Lixiang & family,21,电器
1190,1157,哈施·马里瓦拉,Harsh Mariwala,21,消费品
1191,1157,马丁·摩勒·尼尔森,Martin Moller Nielsen,21,航空器租赁
1192,1157,大卫·默多克,David Murdock,21,都乐公司（Dole），房地产
1193,1157,N.R.纳拉亚纳·穆尔蒂,N.R. Narayana Murthy,21,软件服务
1194,1157,果尔格·内梅切克,Georg Nemetschek,21,软件
1195,1157,维卡斯·奥拜瑞,Vikas Oberoi,21,房地产
1196,1157,玛雅·奥里,Maja Oeri,21,罗氏控股
1197,1157,王明星和克里斯蒂娜·王,Ong Beng Seng & Christina Ong,21,多元化经营
1198,1157,小亨利·罗斯·佩罗,H. Ross Perot Jr,21,房地产
1199,1157,托尔·彼得森,Tor Peterson,21,大宗商品
1200,1157,海洛薇兹·普拉特,Heloise Pratt,21,包装，投资
1201,1157,阿列克谢·列皮克,Alexey Repik,21,医药
1202,1157,申昌济,Shin Chang-Jae,21,保险
1203,1157,卡维塔克·拉姆·斯里兰姆,Kavitark Ram Shriram,21,风险投资，谷歌
1204,1157,西尔维娅·斯多赫,Sylvia Stroeher,21,化妆品
1205,1157,多田胜美,Katsumi Tada,21,房地产
1206,1157,邓成波,Tang Shing-bor,21,房地产
1207,1157,格奥尔格·冯·欧佩尔,Georg von Opel,21,房地产，投资
1208,1157,大卫·瓦伦塔斯,David Walentas,21,房地产
1209,1157,罗纳德·威尼克,Ronald Wanek,21,家具
1210,1157,王长田,Wang Changtian,21,电视，电影制作
1211,1157,王文京,Wang Wenjing,21,企业软件
1212,1157,叶成,Ye Cheng,21,多元化经营
1213,1157,朱共山,Zhu Gongshan,21,太阳能板材料
1214,1215,优素福·曼苏尔,Antti Aarnio-Wihuri,20,多元化经营
1215,1215,S·丹尼尔·亚伯拉罕,S. Daniel Abraham,20,Slim-Fast
1216,1215,若奥·阿尔维斯·德奎罗兹·菲尔霍,Joao Alves de Queiroz Filho,20,医药
1217,1215,米卡·安托宁,Mika Anttonen,20,油气
1218,1215,托尔·比约哥夫森,Thor Bjorgolfsson,20,投资
1219,1215,安德烈·博卡列夫,Andrei Bokarev,20,金属，矿业
1220,1215,伯纳德·布劳恩·吕迪克,Bernhard Braun-Luedicke,20,医疗科技
1221,1215,伊娃·玛利亚·布劳恩·吕迪克,Eva Maria Braun-Luedicke,20,医疗科技
1222,1215,弗雷德里克·布劳恩·吕迪克,Friederike Braun-Luedicke,20,医疗科技
1223,1215,罗恩·伯克尔,Ron Burkle,20,超市，投资
1224,1215,维维克·昌德·博缅,Vivek Chand Burman,20,消费品
1225,1215,陈永泰,Chen Yung-Tai,20,房地产
1226,1215,詹姆斯·克拉克,James Clark,20,网景，投资
1227,1215,克里斯多夫·克莱恩,Christopher Cline,20,煤炭
1228,1215,亚历山大·戴奇,Alexandra Daitch,20,嘉吉公司
1229,1215,董伟,Dong Wei,20,医药
1230,1215,弗里茨·德科斯米尔,Fritz Draexlmaier,20,汽车零部件
1231,1215,格伦·杜宾,Glenn Dubin,20,对冲基金
1232,1215,罗伯特·杜根,Robert Duggan,20,医药
1233,1215,雅伊梅·加芬克尔,Jayme Garfinkel,20,保险
1234,1215,魏成辉,Sam Goi,20,冷冻食品
1235,1215,托马斯·哈根,Thomas Hagen,20,保险
1236,1215,卡洛斯·汉克·罗恩,Carlos Hank Rhon,20,银行
1237,1215,克里斯托夫·亨克尔,Christoph Henkel,20,消费品
1238,1215,胡凯军,Hu Kaijun,20,医药
1239,1215,黄毅,Huang Yi,20,汽车销售
1240,1215,拉梅什·居内加及家族,Ramesh Juneja & family,20,医药
1241,1215,布鲁斯·卡什,Bruce Karsh,20,私募股权投资
1242,1215,亨利·劳费尔,Henry Laufer,20,对冲基金
1243,1215,李富真,Lee Boo-Jin,20,计算机服务，旅游
1244,1215,李在贤,Lee Jay-Hyun,20,食品，娱乐
1245,1215,沃尔夫冈·莱特纳,Wolfgang Leitner,20,工程
1246,1215,李革,Li Ge,20,生物技术
1247,1215,哈拉尔·林克,Harald Link,20,多元化经营
1248,1215,刘明辉,Liu Ming Hui,20,天然气
1249,1215,杰弗里·卢里,Jeffrey Lurie,20,费城老鹰队
1250,1215,马兴田,Ma Xingtian,20,医药
1251,1215,莎拉·麦克米伦,Sarah MacMillan,20,嘉吉公司
1252,1215,霍华德·马克斯,Howard Marks,20,私募股权投资
1253,1215,缪寿良,Miao Shouliang,20,房地产
1254,1215,拉奇曼·达斯·米塔尔,Lachhman Das Mittal,20,拖拉机
1255,1215,马里奥·莫雷蒂·珀莱加托及家族,Mario Moretti Polegato & family,20,鞋业
1256,1215,瓦季姆·莫什科维奇,Vadim Moshkovich,20,农业，土地
1257,1215,穆法特拉杰·穆诺,Mofatraj Munot,20,房地产
1258,1215,乔纳森·尼尔森,Jonathan Nelson,20,私募股权投资
1259,1215,弗洛伦蒂诺·佩雷斯,Florentino Perez,20,建筑施工
1260,1215,初查?皮托派和道纳帕?皮托派夫妇,Chuchat & Daonapa Petaumpai,20,摩托车贷款
1261,1215,彼得·皮特森,Peter Peterson,20,投资
1262,1215,阿温·珀达尔,Arvind Poddar,20,轮胎
1263,1215,傅志宽,Murdaya Poo,20,多元化经营
1264,1215,任正非,Ren Zhengfei,20,电信设备
1265,1215,安东尼·雷斯勒,Antony Ressler,20,金融
1266,1215,弗朗西斯科·胡塞·里伯拉斯·梅拉,Francisco Jose Riberas Mera,20,钢铁，汽车零部件
1267,1215,罗德尼·萨克斯,Rodney Sacks,20,能量饮料
1268,1215,希尔顿·施勒斯伯格,Hilton Schlosberg,20,能量饮料
1269,1215,布莱恩·谢斯,Brian Sheth,20,投资
1270,1215,露西·斯蒂泽,Lucy Stitzer,20,嘉吉公司
1271,1215,苏素玉及家族,Su Suyu & family,20,公用事业，房地产
1272,1215,铃木乡史,Satoshi Suzuki,20,化妆品
1273,1215,凯瑟琳·坦纳,Katherine Tanner,20,嘉吉公司
1274,1215,阿温·蒂古,Arvind Tiku,20,油气，投资
1275,1215,汪立平及家族,Wang Liping & family,20,液压机械
1276,1215,王希成及家族,Wang Xicheng & family,20,轮胎
1277,1215,魏少军,Wei Shaojun,20,房地产
1278,1215,艾米·怀斯,Amy Wyss,20,医疗设备
1279,1215,乔恩·亚伯勒,Jon Yarbrough,20,电子游戏
1280,1215,弗拉基米尔·叶夫图申科夫,Vladimir Yevtushenkov,20,电信，投资
1281,1215,查尔斯·泽加尔,Charles Zegar,20,彭博
1282,1215,朱保国及家族,Zhu Baoguo & family,20,医药
1283,1284,赛义夫·古赖尔及家族/,Saif Al Ghurair & family,19,多元化经营
1284,1284,赛莫达,Syed Mokhtar AlBukhary,19,多元化经营
1285,1284,米莉亚姆·鲍曼·布劳赫,Miriam Baumann-Blocher,19,化工
1286,1284,阿尔伯特·伯纳及家族,Albert Berner & family,19,紧固件
1287,1284,托马斯·布鲁赫及家族,Thomas Bruch & family,19,零售
1288,1284,张允中,Chung Chang Yun,19,航运
1289,1284,谢吉（音）,Kiat Chiaravanont,19,多元化经营
1290,1284,让·保罗·克罗泽尔和马蒂纳·克罗泽尔,Jean-Paul & Martine Clozel,19,医药
1291,1284,本杰明·罗斯柴尔德,Benjamin de Rothschild,19,银行
1292,1284,詹姆斯·迪南,James Dinan,19,对冲基金
1293,1284,查尔斯·艾德斯坦纳,Charles Edelstenne,19,航空
1294,1284,贝恩德·弗赖尔,Bernd Freier,19,时尚零售
1295,1284,比尔·格罗斯,Bill Gross,19,投资
1296,1284,杰弗里·冈拉克,Jeffrey Gundlach,19,投资
1297,1284,苏亚特·甘赛尔,Suat Gunsel,19,房地产，教育
1298,1284,施梅尔·哈莱普,Shmuel Harlap,19,自动驾驶
1299,1284,罗伯托·赫尔南德兹·拉米雷斯,Roberto Hernandez Ramirez,19,银行
1300,1284,约翰尼斯·凯驰,Johannes Kaercher,19,吸尘器，清洁用品
1301,1284,弗里德里希·克纳普,Friedrich Knapp,19,时尚零售
1302,1284,李明熙,Lee Myung-Hee,19,零售
1303,1284,李叙显,Lee Seo-Hyun,19,计算机服务，旅游
1304,1284,梁建坤及家族,Liang Jiankun & family,19,钴矿业
1305,1284,廖龙星,Liao Long-shing,19,石化
1306,1284,林书鸿,Lin Shu-Hong,19,石化
1307,1284,亚辛·曼苏尔,Yasseen Mansour,19,多元化经营
1308,1284,大卫·纳哈迈德,David Nahmad,19,艺术品
1309,1284,亚历山大·涅西斯,Alexander Nesis,19,金属，银行，化肥
1310,1284,南丹·尼勒卡尼,Nandan Nilekani,19,软件服务
1311,1284,兰詹·派,Ranjan Pai,19,教育
1312,1284,朴炫柱,Park Hyeon-Joo,19,共同基金
1313,1284,詹妮弗·普利兹克,Jennifer Pritzker,19,酒店，投资
1314,1284,仇建平及家族,Qiu Jianping & family,19,手动工具
1315,1284,米杰特·拉希姆库洛夫,Megdet Rahimkulov,19,投资
1316,1284,维托·罗德里格斯·罗德里格斯,Vito Rodriguez Rodriguez,19,加工牛奶
1317,1284,斯蒂芬·鲁宾,Stephen Rubin,19,运动服装
1318,1284,雷莫·鲁菲尼,Remo Ruffini,19,奢侈品体育服装
1319,1284,埃里克·塞林,Erik Selin,19,房地产
1320,1284,彼得·松达,Peter Sondakh,19,投资
1321,1284,亚伦·N·特富勒,Alan N.Trefler,19,软件
1322,1284,郑信义,Tseng Shin-yi,19,石化
1323,1284,宇野正晃及家族,Masateru Uno & family,19,药妆连锁店
1324,1284,王清涛,Wang Qingtao,19,钢铁冶炼
1325,1284,埃文·威廉姆斯,Evan Williams,19,Twitter
1326,1284,古斯塔夫·马格纳尔·魏佐,Gustav Magnar Witzoe,19,养鱼业
1327,1284,霍斯特·沃特曼,Horst Wortmann,19,鞋类
1328,1284,肖永明及家族,Xiao Yongming & family,19,化肥
1329,1284,解直锟,Xie Zhikun,19,投资
1330,1284,薛向东及家族,Xue Xiangdong & family,19,软件
1331,1284,袁亚非,Yuan Yafei,19,零售，投资
1332,1284,曾毓群,Robin Zeng,19,电池
1333,1284,张道才,Zhang Daocai,19,阀门
1334,1284,张轩松,Zhang Xuansong,19,超市
1335,1284,郑跃文及家族,Zheng Yuewen & family,19,投资
1336,1284,周晓光,Zhou Xiaoguang,19,首饰，房地产
1337,1284,苏珊娜·齐默尔曼·西法特,Susanne Zimmermann von Siefart,19,吸尘器，家用清洁用品
1338,1339,阿拉斯·阿加拉罗夫,Aras Agalarov,18,房地产
1339,1339,莫里斯·奥尔特,Maurice Alter,18,房地产
1340,1339,安康,An Kang,18,医药
1341,1339,亚历克斯·比尔德,Alex Beard,18,矿业，大宗商品
1342,1339,尼古拉斯·伯格鲁恩,Nicolas Berggruen,18,投资
1343,1339,弗拉基米尔·波格丹诺夫,Vladimir Bogdanov,18,石油
1344,1339,胡里奥·波扎诺,Julio Bozano,18,银行
1345,1339,安娜·玛利亚·布劳恩,Anna Maria Braun,18,医疗科技
1346,1339,乔安娜·布劳恩,Johanna Braun,18,医疗科技
1347,1339,卡尔·弗里德里希·布劳恩,Karl Friedrich Braun,18,医疗科技
1348,1339,阿南德·博缅,Anand Burman,18,消费品
1349,1339,爱德华·卡米尼亚克,Edouard Carmignac,18,资产管理
1350,1339,陈建华,Chen Jianhua,18,化工
1351,1339,张茵,Cheung Yan,18,纸产品
1352,1339,郑梦准,Chung Mong-Joon,18,造船，工业机械
1353,1339,杰克·考因,Jack Cowin,18,快餐
1354,1339,崔根良,Cui Genliang,18,电气元件
1355,1339,科默·达曼,Kommer Damen,18,造船
1356,1339,迪亚戈·德拉·瓦莱,Diego Della Valle,18,鞋业
1357,1339,钭正刚,Dou Zhenggang,18,能源，化工
1358,1339,默里·爱德华兹,N. Murray Edwards,18,油气
1359,1339,加布里埃尔·艾斯卡尔,Gabriel Escarrer,18,酒店
1360,1339,克莱门特·法亚及家族,Clement Fayat & family,18,建筑施工
1361,1339,詹姆斯·弗朗斯,James France,18,纳斯卡，赛车
1362,1339,塞纳帕西·戈帕拉克里什南,Senapathy Gopalakrishnan,18,软件服务
1363,1339,大卫·哈丁,David Harding,18,金融
1364,1339,斯图尔特·霍热希及家族,Stewart Horejsi & family,18,伯克希尔哈撒韦
1365,1339,黄其森,Huang Qisen,18,房地产
1366,1339,汉密尔顿·詹姆斯,Hamilton James,18,投资
1367,1339,约翰·卡普尔,John Kapoor,18,医疗保健
1368,1339,威廉·劳德,William Lauder,18,雅诗兰黛
1369,1339,李宗松及家族,Li Zongsong & family,18,医药
1370,1339,韦利·米歇尔,Willy Michel,18,医疗器械
1371,1339,野田顺弘,Masahiro Noda,18,软件
1372,1339,格莱戈里奥·佩雷斯·康帕尼克,Gregorio Perez Companc,18,油气
1373,1339,琳达·普利兹克,Linda Pritzker,18,酒店，投资
1374,1339,覃辉,Qin Hui,18,电影院
1375,1339,马提亚斯·莱因哈特,Matthias Reinhart,18,金融
1376,1339,布莱恩·罗伯茨,Brian Roberts,18,康卡斯特
1377,1339,阿尔贝托·罗耶梅斯,Alberto Roemmers,18,医药
1378,1339,杰拉尔德·施瓦茨,Gerald Schwartz,18,金融
1379,1339,他信·西那瓦,Thaksin Shinawatra,18,投资
1380,1339,威廉姆·斯通,William Stone,18,软件
1381,1339,彼得·斯托达伦及家族,Petter Stordalen & family,18,酒店
1382,1339,朱莉娅·斯道史克,Julia Stoschek,18,汽车零部件
1383,1339,麦克米兰·斯道史克,Maximilian Stoschek,18,汽车零部件
1384,1339,孙寿宽,Sun Shoukuan,18,金属，煤炭
1385,1339,庄柏唐（音译）及家族,Tran Ba Duong & family,18,汽车
1386,1339,哈麦迪·乌鲁卡亚,Hamdi Ulukaya,18,希腊酸奶
1387,1339,黄联禧,Wong Luen Hei,18,建材
1388,1339,吴羽岚,Wu Yulan,18,医药
1389,1339,徐航,Xu Hang,18,医疗器械
1390,1339,杨贰珠,Yang Erzhu,18,房地产
1391,1339,姚奎章,Yao Kuizhang,18,饮料
1392,1339,钟声坚,Zhong Sheng Jian,18,房地产
1393,1394,马塞尔·亚当斯及家族,Marcel Adams & family,17,房地产
1394,1394,小赫伯特·艾伦及家族,Herbert Allen Jr. & family,17,投资银行
1395,1394,迈克尔·阿什克罗夫特,Michael Ashcroft,17,安保
1396,1394,罗曼·阿夫杰耶夫,Roman Avdeev,17,银行，房地产开发
1397,1394,埃米利奥·阿兹卡拉加·让,Emilio Azcarraga Jean,17,电视放送
1398,1394,塞扎·巴卡克希兹,Sezai Bacaksiz,17,多元化经营
1399,1394,莱斯利·班贝尔格尔,Lesley Bamberger,17,房地产
1400,1394,安吉拉·贝内特,Angela Bennett,17,矿业
1401,1394,胡贝尔图斯·本特勒尔,Hubertus Benteler,17,汽车零部件
1402,1394,路德维希·西奥多·布劳恩,Ludwig Theodor Braun,17,医疗科技
1403,1394,尼古拉·宝格丽,Nicola Bulgari,17,奢侈品
1404,1394,保罗·宝格丽,Paolo Bulgari,17,奢侈品
1405,1394,陈德军,Chen Dejun,17,快递
1406,1394,陈世卿及家族,Tony Chen & family,17,电子产品
1407,1394,陈学利,Chen Xueli,17,医药
1408,1394,路奇·克雷莫尼尼及家族,Luigi Cremonini & family,17,肉类加工
1409,1394,多米尼克·德塞涅,Dominique Desseigne,17,赌场
1410,1394,萨菲克·耶尔马兹·迪兹达,Sefik Yilmaz Dizdar,17,时尚零售
1411,1394,多梅尼科·多尔奇,Domenico Dolce,17,时尚
1412,1394,帕维尔·杜罗夫,Pavel Durov,17,短信应用
1413,1394,约翰·法伯,John Farber,17,化工
1414,1394,罗伯特·费舍尔,Robert Fisher,17,Gap
1415,1394,威廉·费舍尔,William Fisher,17,Gap
1416,1394,斯蒂芬诺·加巴纳,Stefano Gabbana,17,时尚
1417,1394,罗尔夫·格宁,Rolf Gerling,17,保险
1418,1394,塞尔日·戈丹,Serge Godin,17,信息技术
1419,1394,谢尔盖·戈尔德夫,Sergei Gordeev,17,房地产
1420,1394,穆罕默德·纳齐夫·居纳尔,Mehmet Nazif Gunal,17,旅游，建筑施工
1421,1394,优素福·哈米尔德,Yusuf Hamied,17,医药
1422,1394,盖瑞·哈维,Gerry Harvey,17,零售
1423,1394,蒂莫西·黑丁顿,Timothy Headington,17,石油和天然气，投资
1424,1394,黄楚龙,Huang Chulong,17,房地产
1425,1394,霍庆华,Huo Qinghua,17,煤炭
1426,1394,德文德拉·贾殷,Devendra Jain,17,化工
1427,1394,姜银台及家族,Jiang Yintai & family,17,汽车零部件
1428,1394,吉姆·贾斯提斯二世,Jim Justice II,17,煤炭
1429,1394,金俊起,Kim Jun-Ki,17,多元化经营
1430,1394,威廉·科赫,William Koch,17,石油，投资
1431,1394,安东尼·兰利,Anthony Langley,17,制造业
1432,1394,马克·拉斯里,Marc Lasry,17,对冲基金
1433,1394,彼得·莱宾格,Peter Leibinger,17,机械工具
1434,1394,雷吉娜·莱宾格,Regine Leibinger,17,机械工具
1435,1394,李新炎,Li San Yim,17,建筑设备
1436,1394,大卫·利希滕斯坦,David Lichtenstein,17,房地产
1437,1394,林恩强,Lim Oon Kuin,17,石油交易
1438,1394,刘名中,Liu Ming Chung,17,造纸
1439,1394,马秀慧,Ma Xiuhui,17,LED照明
1440,1339,普拉域德·玛哈基司尼,Prayudh Mahagitsiri,17,咖啡，航运
1441,1394,阿南德·马欣德拉,Anand Mahindra,17,汽车
1442,1394,基肖尔·马里瓦拉,Kishore Mariwala,17,消费品
1443,1394,克雷格·麦考,Craig McCaw,17,电信
1444,1394,米格尔·麦克凯尔维,Miguel McKelvey,17,WeWork
1445,1394,文森特·麦克曼,Vincent McMahon,17,WWE
1446,1394,大卫·麦克默特里,David McMurtry,17,制造业
1447,1394,加里·迈克逊,Gary Michelson,17,医疗专利
1448,1394,马西莫·莫拉蒂,Massimo Moratti,17,炼油
1449,1394,法哈德·莫胥礼,Farhad Moshiri,17,多元化经营
1450,1394,杰里·莫耶斯,Jerry Moyes,17,运输
1451,1394,查尔斯·芒格,Charles Munger,17,伯克希尔哈撒韦
1452,1394,克尔·尼尔森,Kerr Neilson,17,投资
1453,1394,欧宗荣,Ou Zongrong,17,房地产
1454,1394,尼哈特·奥兹德米尔,Nihat Ozdemir,17,多元化经营
1455,1394,潘伟明,Pan Weiming,17,房地产
1456,1394,朴渊次,Park Yeon-Cha,17,运动鞋
1457,1394,纳尔逊·佩尔茨,Nelson Peltz,17,投资
1458,1394,罗杰·彭斯克,Roger Penske,17,汽车
1459,1394,戚金兴,Qi Jinxing,17,房地产
1460,1394,其实及家族,Qi Shi & family,17,金融信息
1461,1394,西奥多·拉赫马特及家族,Theodore Rachmat & family,17,多元化经营
1462,1394,胡安·玛利亚·里伯拉斯·梅拉,Juan Maria Riberas Mera,17,钢铁
1463,1394,维杰·舍卡尔·沙尔玛,Vijay Shekhar Sharma,17,金融技术
1464,1394,康斯坦丁·斯图鲁科夫,Konstantin Strukov,17,黄金，煤炭
1465,1394,亨利·斯维卡,Henry Swieca,17,对冲基金
1466,1394,威猜·桑坦,Wichai Thongtang,17,投资
1467,1394,托尔斯滕·托勒尔,Torsten Toeller,17,宠物食品
1468,1394,罗曼·特洛森科,Roman Trotsenko,17,运输，工程，房地产
1469,1394,托德·瓦格纳,Todd Wagner,17,网络媒体
1470,1394,王超斌,Wang Chaobin,17,房地产
1471,1394,王燕清及家族,Wang Yanqing & family,17,电气设备
1472,1394,约翰·惠特克,John Whittaker,17,房地产
1473,1394,吴光明,Wu Guangming,17,医疗设备
1474,1394,徐其明,Xu Qiming,17,食品，艺术品
1475,1394,张小娟,Zhang Xiaojuan,17,物流
1476,1477,迈利赫·阿卜杜拉优格鲁,Melih Abdulhayoglu,16,互联网安全
1477,1477,拉达·希亚姆·阿加瓦尔,Radhe Shyam Agarwal,16,消费品
1478,1477,穆罕默德·法耶德,Mohamed Al Fayed,16,零售，投资
1479,1477,费萨尔·本·卡西姆·阿勒萨尼,Faisal Bin Qassim Al Thani,16,酒店，多元化经营
1480,1477,威廉姆·F.奥斯汀,William F. Austin,16,助听器
1481,1477,路易斯·贝肯,Louis Bacon,16,对冲基金
1482,1477,阿卡·贝克里,Achal Bakeri,16,空气冷却器
1483,1477,奥斯曼·本杰隆,Othman Benjelloun,16,银行，保险
1484,1477,威廉·伯克利,William Berkley,16,保险
1485,1477,安尼尔·布斯里,Aneel Bhusri,16,商业软件
1486,1477,O.弗朗西斯·比昂迪,O. Francis Biondi,16,对冲基金
1487,1477,约翰·布劳尔,John Bloor,16,房地产，制造业
1488,1477,大卫·布斯,David Booth,16,共同基金
1489,1477,蔡文胜,Cai Wensheng,16,图片分享应用
1490,1477,艾哈迈德·卡里克,Ahmet Calik,16,能源，银行，建筑施工
1491,1477,米歇尔·沙卢布及家族,Michel Chalhoub & family,16,零售
1492,1477,陈小英,Chen Xiaoying,16,快递
1493,1477,赵正镐,Cho Jung-Ho,16,金融
1494,1477,图尔加伊·辛内,Turgay Ciner,16,多元化经营
1495,1477,史蒂夫·科奈恩,Steve Conine,16,在线零售
1496,1477,雅克·德阿莫斯,Jacques D’Amours,16,零售
1497,1477,罗伯特·德法莱斯,Robert Defares,16,电子交易
1498,1477,亚历山大·贾帕里泽,Alexander Dzhaparidze,16,石油服务
1499,1477,斯蒂芬·范伯格,Stephen Feinberg,16,私募股权投资
1500,1477,保罗·福斯特,Paul Foster,16,炼油
1501,1477,马里奥·加贝利,Mario Gabelli,16,资金管理
1502,1477,马科斯·盖尔珀林,Marcos Galperin,16,电子商务
1503,1477,拉达·希亚姆·戈恩卡,Radhe Shyam Goenka,16,消费品
1504,1477,克里斯多夫·高尔德斯伯里,Christopher Goldsbury,16,萨尔萨辣酱
1505,1477,斯泰利奥斯·哈吉-约安努,Stelios Haji-Ioannou,16,易捷航空
1506,1477,伊尔卡·赫林,Ilkka Herlin,16,电梯，自动扶梯
1507,1477,布莱恩·希金斯,Brian Higgins,16,对冲基金
1508,1477,斯蒂芬·贾里斯罗夫斯基,Stephen Jarislowsky,16,资金管理
1509,1477,迈克尔·乔丹,Michael Jordan,16,夏洛特黄蜂队，代言
1510,1477,笠原健治,Kenji Kasahara,16,社交网络
1511,1477,金泽辰,Kim Taek-Jin,16,在线游戏
1512,1477,爱德华·兰伯特,Edward Lampert,16,西尔斯百货
1513,1477,刘銮鸿,Thomas Lau,16,百货公司
1514,1477,李泰,Thai Lee,16,IT供应商
1515,1477,雷菊芳,Lei Jufang,16,医药
1516,1477,李锂,Li Li,16,医药
1517,1477,李留法及家族,Li Liufa & family,16,钢铁，多元化经营
1518,1477,刘汉元,Liu Hanyuan,16,农业综合企业
1519,1477,皮耶尔·路易吉·洛若尔·皮亚那,Pier Luigi Loro Piana,16,时尚
1520,1477,比利·乔·麦库姆斯,Billy Joe (Red) McCombs,16,多元化经营
1521,1477,吉安·马尔科·莫拉蒂,Gian Marco Moratti,16,炼油
1522,1477,曼努埃尔·莫罗恩及家族,Manuel Moroun & family,16,运输
1523,1477,罗伯特·穆阿瓦德及家族,Robert Mouawad & family,16,高级首饰
1524,1477,马里乌斯·纳赫特,Marius Nacht,16,软件
1525,1477,倪祖根,Ni Zugen,16,家电
1526,1477,利里奥·帕里索托,Lirio Parisotto,16,造纸
1527,1477,卡尔-约翰·佩尔森,Karl-Johan Persson,16,H&M;
1528,1477,汤姆·佩尔森,Tom Persson,16,H&M;
1529,1477,迪米特里·潘比安斯基,Dmitry Pumpyansky,16,钢管
1530,1477,阮水龙及家族,Ruan Shuilong & family,16,化工
1531,1477,庄佳诚,Jean Salata,16,金融
1532,1477,雪莉·桑德伯格,Sheryl Sandberg,16,Facebook
1533,1477,尼拉吉·沙阿,Niraj Shah,16,在线零售
1534,1477,辛东谷（音译）,Shin Dong-Guk,16,医药
1535,1477,本·西尔伯曼,Ben Silbermann,16,Pinterest
1536,1477,夏洛特·索德斯特罗姆,Charlotte Soderstrom,16,H&M;
1537,1477,托马斯·斯泰尔,Thomas Steyer,16,对冲基金
1538,1477,苏卫忠,Su Weizhong,16,石油，化肥
1539,1477,大卫·张,David Teoh,16,电信
1540,1477,王金书,Wang Jinshu,16,化工
1541,1477,王耀海,Wang Yaohai,16,照明
1542,1477,夏洛特·科尔克特·韦伯,Charlotte Colket Weber,16,金宝汤
1543,1477,魏应州,Wei Ing-Chou,16,食品，饮料
1544,1477,魏应充,Wei Yin-Chun,16,食品，饮料
1545,1477,魏应行,Wei Yin-Heng,16,食品，饮料
1546,1477,魏应交,Wei Ying-Chiao,16,食品，饮料
1547,1477,理查德·怀特,Richard White,16,软件
1548,1477,黄子欣,Allan Wong,16,电子产品
1549,1477,黄光裕及家族,Wong Kwong Yu & family,16,电器零售
1550,1477,邬建树,Wu Jianshu,16,汽车零部件
1551,1477,吴旭,Wu Xu,16,房地产
1552,1477,吴绪顺及家族,Wu Xushun & family,16,在线游戏，汽车零部件
1553,1477,路易斯·恩里克·亚鲁尔·雷伊,Luis Enrique Yarur Rey,16,银行
1554,1477,杨受成,Albert Yeung,16,房地产，零售
1555,1477,俞熔,Yu Rong,16,体检
1556,1477,科斯特扬丁·萨维果,Kostyantin Zhevago,16,矿业
1557,1477,周成建,Zhou Chengjian,16,零售
1558,1477,周耀庭及家族,Zhou Yaoting & family,16,服装，房地产
1559,1477,庄奎龙及家族,Zhuang Kuilong & family,16,聚酯纤维
1560,1561,胡塞·若奥·阿布达拉·菲尔霍,Jose Joao Abdalla Filho,15,投资
1561,1561,哈里发·本·布提·木哈利,Khalifa Bin Butti Al Muhairi,15,医院，投资
1562,1561,弗罗伦索·阿拉基贾,Folorunsho Alakija,15,石油
1563,1561,比尔·阿方德,Bill Alfond,15,鞋业
1564,1561,苏珊·阿方德,Susan Alfond,15,鞋业
1565,1561,特德·阿方德,Ted Alfond,15,鞋业
1566,1561,乔伊·阿罗卡斯,Joy Alukkas,15,首饰
1567,1561,安德烈·安德烈夫,Andrey Andreev,15,在线约会
1568,1561,卡罗尔·詹金斯·巴奈特,Carol Jenkins Barnett,15,大众超市(Publix)
1569,1561,奥列格·博伊科,Oleg Boyko,15,金融，博彩
1570,1561,安娜·玛丽亚·布雷西亚·卡费拉塔,Ana Maria Brescia Cafferata,15,"矿业, 银行"
1571,1561,比诺德·乔达里,Binod Chaudhary,15,多元化经营
1572,1561,车冯升,Che Fengsheng,15,医药
1573,1561,陈清州及家族,Chen Qingzhou & family,15,通信设备
1574,1561,理查德·德斯蒙德,Richard Desmond,15,出版
1575,1561,穆罕默德·德沃基,Mohammed Dewji,15,多元化经营
1576,1561,卡尔·道格拉斯,Carl Douglas,15,投资
1577,1561,埃里克·道格拉斯,Eric Douglas,15,投资
1578,1561,布伦特·艾克扎西巴西,Bulent Eczacibasi,15,医药，多元化经营
1579,1561,法鲁克·艾克扎西巴西,Faruk Eczacibasi,15,医药，多元化经营
1580,1561,玛莎·福特,Martha Ford,15,福特汽车
1581,1561,福岛康博,Yasuhiro Fukushima,15,电子游戏
1582,1561,雷诺德·盖格,Reinold Geiger,15,美容产品
1583,1561,萨阿德·哈里里,Saad Hariri,15,建筑施工，投资
1584,1561,理查德·海恩斯,Richard Hayne,15,Urban Outfitters
1585,1561,伊洛纳·赫林,Ilona Herlin,15,电梯，自动扶梯
1586,1561,阿索克·库玛尔·赫然安达尼,Asok Kumar Hiranandani,15,房地产
1587,1561,耐兰詹·赫然安达尼,Niranjan Hiranandani,15,房地产
1588,1561,黄巧灵,Huang Qiaoling,15,主题公园
1589,1561,黄壮勉及家族,Huang Zhuangmian & family,15,物流
1590,1561,哈尔·杰克曼,Hal Jackman,15,保险，投资
1591,1561,阿努郎·贾殷,Anurang Jain,15,汽车零部件
1592,1561,黄创山,Keeree Kanjanapas,15,运输
1593,1561,金南正,Kim Nam-Jung,15,食品
1594,1561,赛斯·卡拉曼,Seth Klarman,15,投资
1595,1561,亚历山大·基里亚钦,Alexander Klyachin,15,房地产
1596,1561,尤里依·科斯乌克,Yuriy Kosiuk,15,农业
1597,1561,米格尔·克里格斯纳,Miguel Krigsner,15,化妆品
1598,1561,李贤义,Lee Yin Yee,15,玻璃
1599,1561,尼古拉·勒宾格·凯姆勒,Nicola Leibinger-Kammueller,15,制造业
1600,1561,李卫伟,Li Weiwei,15,在线游戏
1601,1561,李斌,William Li,15,汽车
1602,1561,李义海,Li Yihai,15,医药
1603,1561,李勇,Li Yong,15,化工
1604,1561,林敏雄,Lin Ming-hsiung,15,超市
1605,1561,楼忠福及家族,Lou Zhongfu & family,15,房地产
1606,1561,刘德光,Low Tuck Kwong,15,煤炭
1607,1561,P.N.C. 曼农,P.N.C. Menon,15,房地产
1608,1561,托马斯·梅耶,Thomas Meyer,15,服装零售
1609,1561,以斯拉·纳哈迈德,Ezra Nahmad,15,艺术品
1610,1561,朱迪丝·尼尔森,Judith Neilson,15,投资
1611,1561,马德琳·奥尔森·埃里克森,Madeleine Olsson Ericksson,15,多元化经营
1612,1561,欧宗洪,Ou Zonghong,15,房地产
1613,1561,埃伦·厄兹曼,Eren Ozmen,15,航空航天
1614,1561,法提赫·厄兹曼,Fatih Ozmen,15,航空航天
1615,1561,约瑟·艾萨克·佩雷斯及家族,Jose Isaac Peres & family,15,商场
1616,1561,马克·平卡斯,Mark Pincus,15,在线游戏
1617,1561,凯文·普兰克,Kevin Plank,15,Under Armour
1618,1561,尼古拉斯·普利兹克二世,Nicholas Pritzker II,15,酒店，投资
1619,1561,阙文彬及家族,Que Wenbin & family,15,医药
1620,1561,霍尔志·罗德里格斯·罗德里格斯,Jorge Rodriguez Rodriguez,15,加工牛奶
1621,1561,佐治信忠,Nobutada Saji,15,饮料
1622,1561,托马斯·桑德尔,Thomas Sandell,15,对冲基金
1623,1561,艾迪·库斯纳迪·萨里阿特麦迪加,Eddy Kusnadi Sariaatmadja,15,媒体，科技
1624,1561,法耶兹·沙罗菲,Fayez Sarofim,15,资金管理
1625,1561,莫妮卡·舍,Monika Schoeller,15,出版
1626,1561,安东尼奥·路易斯·塞亚布拉,Antonio Luiz Seabra,15,化妆品
1627,1561,尤里·谢夫勒,Yuri Shefler,15,酒精
1628,1561,拉居·史洛夫,Rajju Shroff,15,农用化学品
1629,1561,弗兰克·施卓那,Frank Stronach,15,汽车零部件
1630,1561,凯文·斯特罗姆,Kevin Systrom,15,Instagram
1631,1561,唐翔千,Tang Hsiang-chien,15,纺织，电子
1632,1561,唐建芳,Tang Jianfang,15,包装食品
1633,1561,唐宁,Ning Tang,15,在线贷款
1634,1561,吉姆·汤普森,Jim Thompson,15,物流
1635,1561,乔纳森·蒂施,Jonathan Tisch,15,保险，纽约巨人队
1636,1561,肯尼思·塔奇曼,Kenneth Tuchman,15,外包
1637,1561,维姆·范·德·里戈特,Wim Van Der Leegte,15,制造业
1638,1561,沙姆舍尔·瓦亚利,Shamsheer Vayalil,15,医疗保健
1639,1561,汤格玛·维吉波旁,Thongma Vijitpongpun,15,房地产
1640,1561,阿卡迪·沃罗兹,Arkady Volozh,15,搜索引擎
1641,1561,斯蒂芬·冯·霍尔茨布林克,Stefan von Holtzbrinck,15,出版
1642,1561,王久芳,Wang Jiufang,15,房地产
1643,1561,黄康境,Wong Hong King,15,房地产
1644,1561,伊恩·伍德及家族,Ian Wood & family,15,能源服务
1645,1561,肖春红,Xiao Chunhong,15,房地产
1646,1561,徐宇,Jacky Xu,15,服装
1647,1561,张宏伟,Zhang Hongwei,15,石油，银行
1648,1561,张涛,Zhang Tao,15,电子商务
1649,1650,阿努·阿迦,Anu Aga,14,工程
1650,1650,法尔哈德·阿克梅多夫,Farkhad Akhmedov,14,天然气
1651,1650,阿尔贝托·阿尔科塞尔,Alberto Alcocer,14,投资
1652,1650,巴萨姆·阿尔加尼姆,Bassam Alghanim,14,多元化经营
1653,1650,库塔伊巴·阿尔加尼姆,Kutayba Alghanim,14,多元化经营
1654,1650,亚历山德拉·安德烈森,Alexandra Andresen,14,投资
1655,1650,凯瑟琳娜·安德烈森,Katharina Andresen,14,投资
1656,1650,瓦西里·阿尼西莫夫,Vasily Anisimov,14,房地产
1657,1650,莫里·阿金,Mori Arkin,14,医药
1658,1650,尼杰尔·奥斯丁,Nigel Austin,14,零售
1659,1650,克里什纳·库马尔·班贾尔,Krishna Kumar Bangur,14,石墨电极
1660,1650,赫布·钱伯斯,Herb Chambers,14,汽车经销
1661,1650,R.G. 钱德拉莫根,R.G. Chandramogan,14,奶业
1662,1650,张平顺,Chang Pyung-Soon,14,教育服务
1663,1650,赵藤雄,Chao Teng-hsiung,14,房地产
1664,1650,陈立英,Chen Liying,14,快递
1665,1650,陈天桥,Chen Tianqiao,14,在线游戏
1666,1650,郑家纯,Henry Cheng,14,房地产
1667,1650,崔璂源,Chey Ki-Won,14,计算机服务，电信
1668,1650,池宇峰,Chi Yufeng,14,软件
1669,1650,蔡天宝,Chua Thian Poh,14,房地产
1670,1650,郑溶镇,Chung Yong-Jin,14,零售
1671,1650,徐清华及家族,Ciputra & family,14,房地产
1672,1650,阿尔贝托·科尔蒂纳,Alberto Cortina,14,投资
1673,1650,小罗伯特· 柯依尤托,Robert Coyiuto Jr,14,电力
1674,1650,玛丽亚·德皮诺·卡尔沃-索特洛,Maria Del Pino y Calvo-Sotelo,14,建筑施工
1675,1650,K. 迪内希,K. Dinesh,14,软件服务
1676,1650,杜伟民,Du Weimin,14,疫苗
1677,1650,约翰·埃德森,John Edson,14,休闲工艺
1678,1650,大卫·艾因霍恩,David Einhorn,14,对冲基金
1679,1650,鲍勃·艾尔,Bob Ell,14,房地产
1680,1650,加里·菲戈尔,Gary Fegel,14,大宗商品交易
1681,1650,冯国经,Victor Fung,14,贸易公司
1682,1650,冯国纶,William Fung,14,采购
1683,1650,艾伦·格里,Alan Gerry,14,有线电视
1684,1650,宝克里什·戈恩卡,Balkrishan Goenka,14,纺织
1685,1650,鲍里斯·哈吉-约安努,Polys Haji-Ioannou,14,易捷航空
1686,1650,穆罕默德·哈达特,Mehmet Hattat,14,多元化经营
1687,1650,J.汤姆林森·希尔,J. Tomilson Hill,14,投资
1688,1650,爱德华多·霍赫希尔德,Eduardo Hochschild,14,矿业
1689,1650,许健康,Hoi Kin Hong,14,房地产
1690,1650,许英寅,Hur Young-In,14,面包店，快餐
1691,1650,乔治·约瑟夫,George Joseph,14,保险
1692,1650,罗纳德·乔伊斯,Ronald Joyce,14,tim hortons
1693,1650,T.S. 卡利亚纳拉曼,T.S. Kalyanaraman,14,首饰
1694,1650,尼莫斯·坎帕尼,Nimesh Kampani,14,金融
1695,1650,尤金·卡巴斯基,Eugene Kaspersky,14,软件
1696,1650,维克托·卡利托宁,Viktor Kharitonin,14,医药
1697,1650,普尤特·孔德拉舍夫,Pyotr Kondrashev,14,化肥
1698,1650,尤里·科瓦尔恰克,Yuri Kovalchuk,14,银行，保险，媒体
1699,1650,上月景正,Kagemasa Kozuki,14,电子游戏
1700,1650,迈克尔·克拉斯尼,Michael Krasny,14,零售
1701,1650,詹姆斯·雷宁格,James Leininger,14,医疗产品
1702,1650,李国强,Li Guoqiang,14,汽车经销
1703,1650,李良彬,Li Liangbin,14,锂业
1704,1650,刘克振及家族,Liu Ko-chen & family,14,制造业
1705,1650,阿纳托利·洛玛金,Anatoly Lomakin,14,化肥
1706,1650,马鸿及家族,Ma Hong & family,14,零售
1707,1650,加里·马格尼斯,Gary Magness,14,有线电视，投资
1708,1650,优素福·曼苏尔,Youssef Mansour,14,多元化经营
1709,1650,斯特拉夫·马希依瓦,Strive Masiyiwa,14,电信
1710,1650,达留什·米列克,Dariusz Milek,14,房地产，零售
1711,1650,南存辉,Nan Cunhui,14,电力设备
1712,1650,第内史·南德瓦纳,Dinesh Nandwana,14,软件服务
1713,1650,黄鸿年,Oei Hong Leong,14,投资
1714,1650,鲁宾斯·欧米托·西尔韦拉·米罗,Rubens Ometto Silveira Mello,14,糖类，乙醇
1715,1650,区学铭,Ou Xueming,14,房地产
1716,1650,马库斯·泊松,Markus Persson,14,计算机游戏
1717,1650,维克托·平丘克,Victor Pinchuk,14,钢管，多元化经营
1718,1650,阿尔贝托·普拉达,Alberto Prada,14,时尚
1719,1650,玛丽娜·普拉达,Marina Prada,14,时尚
1720,1650,福利斯特·普勒斯顿,Forrest Preston,14,医疗保健
1721,1650,杰瑞·劳恩斯多夫,Jerry Reinsdorf,14,芝加哥公牛队
1722,1650,费尔南多·罗伊格,Fernando Roig,14,超市
1723,1650,沙巴什·兰瓦尔,Subhash Runwal,14,房地产
1724,1650,山海嘉之,Yoshiyuki Sankai,14,机器人
1725,1650,基里尔·沙玛罗夫,Kirill Shamalov,14,石化
1726,1650,辛东彬,Shin Dong-Bin,14,零售店
1727,1650,叶夫根尼·什维德勒,Evgeny (Eugene) Shvidler,14,石油和天然气，投资
1728,1650,贾斯温德·辛格及家族,Jasminder Singh & family,14,酒店
1729,1650,吴笙福,Martua Sitorus,14,棕榈油
1730,1650,彼得·斯伯林,Peter Sperling,14,教育
1731,1650,泽西·斯塔拉克,Jerzy Starak,14,医药
1732,1650,曼尼·斯托尔,Manny Stul,14,玩具
1733,1650,苏汝波,Su Rubo,14,房地产
1734,1650,福亚特·陶斯雅礼,Fuat Tosyali,14,钢铁
1735,1650,肯尼·特罗特,Kenny Troutt,14,电信
1736,1650,鲁菲诺·比希尔·冈萨雷斯,Rufino Vigil Gonzalez,14,钢铁
1737,1650,王剑峰及家族,Wang Jianfeng & family,14,汽车零部件
1738,1650,王靖,Wang Jing,14,电信服务
1739,1650,汪群斌,Wang Qunbin,14,多元化经营
1740,1650,丹·威尔克斯,Dan Wilks,14,天然气
1741,1650,法里斯·威尔克斯,Farris Wilks,14,天然气
1742,1650,吴东亮,Thomas Wu,14,金融
1743,1650,易峥,Yi Zheng,14,软件
1744,1650,袁富根及家族,Yuan Fugen & family,14,金属
1745,1650,小理查德·英格灵,Richard Yuengling Jr.,14,啤酒
1746,1650,加夫里尔·乌希瓦厄夫,Gavril Yushvaev,14,贵金属，房地产
1747,1650,曾开天,Zeng Kaitian,14,在线游戏
1748,1650,张万镇,Zhang Wanzhen,14,电子元件
1749,1650,张雨柏,Zhang Yubai,14,酒类
1750,1650,赵长鹏,Changpeng Zhao,14,加密货币
1751,1650,周奕丰及家族,Zhou Yifeng & family,14,化工
1752,1650,周永利及家族,Zhou Yongli & family,14,多元化经营
1753,1650,朱文臣,Zhu Wenchen,14,医药
1754,1650,艾哈迈德·那齐夫·佐鲁,Ahmet Nazif Zorlu,14,多元化经营
1755,1756,里昂·安斯沃斯,Len Ainsworth,13,博彩机
1756,1756,埃德蒙·安森,Edmund Ansin,13,电视
1757,1756,马库斯·布劳赫,Markus Blocher,13,化工
1758,1756,列昂尼德·博古斯瓦夫斯基,Leonid Boguslavsky,13,风险投资
1759,1756,霍尔志·奥拉西奥·布利托,Jorge Horacio Brito,13,银行
1760,1756,萨吉特·博缅,Saket Burman,13,消费品
1761,1756,史蒂夫·凯斯,Steve Case,13,AOL
1762,1756,谢富年,Jeffrey Cheah,13,房地产
1763,1756,郑崇华,Bruce Cheng,13,电子产品
1764,1756,程先锋,Cheng Xianfeng,13,医药
1765,1756,伊万·切联科,Ivan Chrenko,13,房地产
1766,1756,小爱德华多·许寰哥,Eduardo Cojuangco,13,食品，饮料
1767,1756,布鲁诺·库奇利及家族,Brunello Cucinelli & family,13,时尚
1768,1756,达尔文·迪森,Darwin Deason,13,Xerox
1769,1756,安德烈·德拉·瓦莱,Andrea Della Valle,13,鞋业
1770,1756,杰米·戴蒙,Jamie Dimon,13,银行
1771,1756,查尔斯·邓斯通,Charles Dunstone,13,手机
1772,1756,布鲁斯·弗拉特,Bruce Flatt,13,资金管理
1773,1756,傅梅城及家族,Fu Meicheng & family,13,电视节目，电影
1774,1756,福武总一郎,Soichiro Fukutake,13,教育
1775,1756,高振东,Don Gao,13,电动工具
1776,1756,高云峰,Gao Yunfeng,13,工业激光
1777,1756,安妮·吉廷杰,Anne Gittinger,13,诺德斯特姆百货
1778,1756,克莱莉亚·哈吉-约安努,Clelia Haji-Ioannou,13,易捷航空
1779,1756,约翰·汉考克,John Hancock,13,矿业
1780,1756,罗恩·哈雷,Ronnen Harary,13,玩具
1781,1756,阿依曼·哈里里,Ayman Hariri,13,建筑施工，投资
1782,1756,法赫德·哈里里,Fahd Hariri,13,建筑施工，投资
1783,1756,苏伦德拉·赫然安达尼,Surendra Hiranandani,13,房地产
1784,1756,艾伦·霍华德,Alan Howard,13,对冲基金
1785,1756,胡克勤及家族,Hu Keqin & family,13,化工
1786,1756,黃民奇,Archie Hwang,13,半导体
1787,1756,艾文·雅各布斯,Irwin Jacobs,13,半导体
1788,1756,米切尔·雅各布森,Mitchell Jacobson,13,工业设备
1789,1756,拉纳·卡普尔,Rana Kapoor,13,银行
1790,1756,亚历山大·卡普,Alexander Karp,13,软件公司
1791,1756,拉古维德尔·卡塔里亚,Raghuvinder Kataria,13,多元化经营
1792,1756,哈比·赫里基瓦拉,Habil Khorakiwala,13,医药
1793,1756,西德尼·金梅尔,Sidney Kimmel,13,零售
1794,1756,辜仲立,Andre Koo,13,金融
1795,1756,具本绫,Koo Bon-Neung,13,电子产品
1796,1756,安德烈·科索高夫,Andrei Kosogov,13,石油，银行，电信
1797,1756,李豪镇,Lee Ho-Jin,13,多元化经营
1798,1756,所罗门·卢,Solomon Lew,13,零售
1799,1756,罗德尼·刘易斯,Rodney Lewis,13,天然气
1800,1756,李家权,Li Jiaquan,13,化工
1801,1756,林凡连,Lin Fanlian,13,多元化经营
1802,1756,林建华及家族,Lin Jianhua & family,13,太阳能电池板材料
1803,1756,林天福,Lin Tianfu,13,鞋类，服装
1804,1756,路易斯·林德,Louise Lindh,13,投资
1805,1756,刘宝林,Liu Baolin,13,医药
1806,1756,何塞·拉多·费尔南德兹-乌鲁蒂亚,Jose Llado Fernandez-Urrutia,13,建筑施工
1807,1756,陆地,Lu Di,13,无人机
1808,1756,卡吉尔·麦克米伦三世,Cargill MacMillan III,13,嘉吉公司
1809,1756,约翰·麦克米伦,John MacMillan,13,嘉吉公司
1810,1756,玛莎·麦克米伦,Martha MacMillan,13,嘉吉公司
1811,1756,威廉·麦克米伦,William MacMillan,13,嘉吉公司
1812,1756,卡特里娜·马丁森,Katarina Martinson,13,投资
1813,1756,克雷格·纽马克,Craig Newmark,13,Craigslist
1814,1756,布鲁斯·诺德斯特姆,Bruce Nordstrom,13,诺德斯特姆百货
1815,1756,皮埃尔·卡尔·佩拉度,Pierre Karl Peladeau,13,媒体
1816,1756,大卫·佩尼亚洛萨·艾拉尼斯,David Penaloza Alanis,13,收费公路
1817,1756,安德里亚斯·普勒,Andreas Pohl,13,共同基金
1818,1756,小莱茵菲尔德·普勒,Reinfried Pohl Jr,13,共同基金
1819,1756,玛韩德拉·普拉萨德,Mahendra Prasad,13,医药
1820,1756,安登·拉比,Anton Rabie,13,玩具
1821,1756,比安卡·莱因哈特,Bianca Rinehart,13,矿业
1822,1756,吉尼雅·莱因哈特,Ginia Rinehart,13,矿业
1823,1756,亚历山大·罗夫特,Alexander Rovt,13,化肥，房地产
1824,1756,莉莉·萨夫拉,Lily Safra,13,银行业
1825,1756,德尼兹·萨罕克,Deniz Sahenk,13,多元化经营
1826,1756,卡琳·歇克,Karin Schick,13,科技
1827,1756,伦纳德·施莱弗尔,Leonard Schleifer,13,医药
1828,1756,迪特尔·施纳贝尔,Dieter Schnabel,13,化工
1829,1756,布哈德里什·沙阿,Bhadresh Shah,13,工程
1830,1756,邵钦祥,Shao Qinxiang,13,多元化经营
1831,1756,沈亚,Eric Ya Shen,13,电子商务
1832,1756,岛村恒俊及家族,Nobutoshi Shimamura & family,13,零售
1833,1756,岑钊雄,Shum Chiu Hung,13,房地产
1834,1756,苏海文,Helmut Sohmen,13,航运
1835,1756,孙清焕,Sun Qinghuan,13,照明
1836,1756,孙荫环,Sun Yinhuan,13,房地产
1837,1756,郭桂和,Djoko Susanto,13,超市
1838,1756,埃罗尔·塔班卡,Erol Tabanca,13,建筑施工
1839,1756,亚历山大·特迪加,Alexander Tedja,13,房地产
1840,1756,威尔玛·蒂施,Wilma Tisch,13,多元化经营
1841,1756,阿亚罕·陶斯雅礼,Ayhan Tosyali,13,钢铁
1842,1756,法提赫·陶斯雅礼,Fatih Tosyali,13,钢铁
1843,1756,庄定龙（音译）,Tran Dinh Long,13,钢铁，制造业
1844,1756,蔡明介,Tsai Ming-Kai,13,半导体
1845,1756,帕维尔·季卡奇,Pavel Tykac,13,煤矿
1846,1756,雅什利·乌拉尔,Jayshree Ullal,13,科技
1847,1756,万隆,Wan Long,13,食品
1848,1756,王木清及家族,Wang Muqing & family,13,汽车经销
1849,1756,王勇,Wang Yong,13,食品甜味产品
1850,1756,霍普·威尔克,Hope Welker,13,矿业
1851,1756,文一波及家族,Wen Yibo & family,13,废水处理
1852,1756,史蒂芬·T·韦恩,Stephen T. Winn,13,房地产服务
1853,1756,胡应湘,Gordon Wu,13,房地产
1854,1756,吴兰兰及家族,Wu Lanlan & family,13,包装
1855,1756,徐子泉及家族,Xu Ziquan & family,13,软件
1856,1756,杨美容,Yang Meirong,13,教育
1857,1756,杨廷栋,Yang Tingdong,13,酿酒
1858,1756,尤小平,You Xiaoping,13,化工，氨纶纤维
1859,1756,俞培俤,Yu Peidi,13,房地产
1860,1756,俞其兵及家族,Yu Qibing & family,13,玻璃
1861,1756,虞云新,Yu Yunxin,13,首饰，房地产
1862,1756,昝圣达,Zan Shengda,13,多元化经营
1863,1756,张桂平及家族,Zhang Guiping & family,13,房地产
1864,1756,赵伟国,Zhao Weiguo,13,芯片制造
1865,1756,郑坚江及家族,Zheng Jianjiang & family,13,电气设备
1866,1867,哈马德·本·贾西姆·本·贾比尔·阿勒萨尼,Hamad bin Jassim bin Jaber Al Thani,12,投资
1867,1867,法齐·阿尔-卡拉菲,Fawzi Al-Kharafi,12,多元化经营
1868,1867,穆罕纳德·阿尔-卡拉菲,Mohannad Al-Kharafi,12,多元化经营
1869,1867,伊萨克·安迪可及家族,Isak Andic & family,12,时尚零售
1870,1867,马克·安德森,Marc Andreessen,12,风险投资
1871,1867,约瑟·玛丽亚·阿利斯特兰,Jose Maria Aristrain,12,钢铁
1872,1867,托马斯·贝利,Thomas Bailey,12,资金管理
1873,1867,哈林达帕尔·邦高,Harindarpal Banga,12,大宗商品
1874,1867,伊莲娜·巴图里纳,Elena Baturina,12,建筑施工
1875,1867,爱德华多·贝尔蒙·安德森,Eduardo Belmont Anderson,12,化妆品
1876,1867,托马兹·比埃纳季,Tomasz Biernacki,12,零售
1877,1867,扎力克·宾诺,Zadik Bino,12,银行，石油
1878,1867,布莱特·布朗迪,Brett Blundy,12,零售，农业综合企业
1879,1867,贺南迪·博霍留勃夫,Henadiy Boholyubov,12,银行，投资
1880,1867,查尔斯·布兰德斯,Charles Brandes,12,资金管理
1881,1867,阿米特·博缅,Amit Burman,12,消费品
1882,1867,蔡东青,Cai Dongqing,12,动画
1883,1867,陈波及家族,Chen Bo & family,12,风能
1884,1867,程维,Cheng Wei,12,叫车服务
1885,1867,旁泰普·奇拉瓦诺特（音译）,Phongthep Chiaravanont,12,多元化经营
1886,1867,库秋瑟夫·齐提尔阿皮里,Kochouseph Chittilappilly,12,制造业
1887,1867,楚金甫,Chu Jinfu,12,电气设备
1888,1867,爱德瓦多·科斯坦提尼,Eduardo Costantini,12,房地产
1889,1867,索尔·道尔莱拉,Sol Daurella,12,可口可乐
1890,1867,菲利浦·代伊,Philip Day,12,服装零售
1891,1867,D.雷尔泊多·德皮诺?卡尔沃-索特洛,D. Leopoldo Del Pino y Calvo-Sotelo,12,建筑施工
1892,1867,诺博特·丹特桑格,Norbert Dentressangle,12,运输，物流
1893,1867,贝达·迪特黑尔姆,Beda Diethelm,12,助听器
1894,1867,马克·迪克森,Mark Dixon,12,写字楼
1895,1867,亨利·恩格哈特,Henry Engelhardt,12,保险
1896,1867,方洪波,Fang Hongbo,12,家电
1897,1867,格列布·费季索夫,Gleb Fetisov,12,投资
1898,1867,唐纳德?福斯,Donald Foss,12,汽车贷款
1899,1867,罗伯特·弗里德兰,Robert Friedland,12,矿业
1900,1867,唐纳德·弗里斯,Donald Friese,12,制造业
1901,1867,傅光明及家族,Fu Guangming & family,12,家禽
1902,1867,丹·格特勒,Dan Gertler,12,矿业
1903,1867,丹尼斯·吉灵斯,Dennis Gillings,12,药物监测
1904,1867,赖安·格雷夫斯,Ryan Graves,12,uber
1905,1867,顾伟,Gu Wei,12,消费类电子产品
1906,1867,阿尔弗雷多·哈普·埃卢及家族,Alfredo Harp Helu & family,12,银行
1907,1867,古德伦·海涅,Gudrun Heine,12,医疗器械
1908,1867,弗朗西斯·奥尔代,Francis Holder,12,面包房
1909,1867,洪锡朝,Hong Seok-Joh,12,便利店
1910,1867,徐旭东及家族,Douglas Hsu & family,12,多元化经营
1911,1867,黄建荣及家族,Huang Jianrong & family,12,矿产
1912,1867,小B· 韦恩·休斯,B. Wayne Hughes Jr.,12,仓储设施
1913,1867,戴西·伊格尔,Daisy Igel,12,天然气，石化
1914,1867,托马斯·詹姆斯,Thomas James,12,金融
1915,1867,江淦钧,Jiang Ganjun,12,家具
1916,1867,姜照柏,Jiang Zhaobai,12,房地产
1917,1867,金惠明,Jin Huiming,12,房地产
1918,1867,阿贾伊·卡尔思,Ajay Kalsi,12,油气
1919,1867,海尔加·科勒豪斯,Helga Kellerhals,12,电子设备零售
1920,1867,景百孚,King Pak Fu,12,房地产
1921,1867,谢尔盖·科列斯尼科夫,Sergei Kolesnikov,12,建材
1922,1867,赫门德拉·科达利,Hemendra Kothari,12,金融服务
1923,1867,栗和田荣一,Eiichi Kuriwada,12,快递
1924,1867,盖伊·拉里伯特,Guy Laliberte,12,太阳马戏团
1925,1867,李海珍,Lee Hae-Jin,12,互联网
1926,1867,迈克尔·理钦,Michael Lee-Chin,12,共同基金
1927,1867,李光宇,Li Guangyu,12,教育
1928,1867,李军,Li Jun,12,电子产品
1929,1867,李如成,Li Rucheng,12,服装
1930,1867,黎旭晖,Li Xuhui,12,酱油
1931,1867,林伟才,Lim Wee Chai,12,橡胶手套
1932,1867,刘江,Liu Jiang,12,天然气
1933,1867,刘学景及家族,Liu Xuejing & family,12,铜业，家禽
1934,1867,刘振国,Liu Zhenguo,12,污水处理
1935,1867,罗嘉瑞,Lo Ka Shui,12,房地产
1936,1867,罗肇唐,Lo Siu-tong,12,房地产，酒店
1937,1867,托比·卢克,Tobi Lutke,12,电子商务
1938,1867,马韵升,Ma Yunsheng,12,能源
1939,1867,吉亚乌丁·马戈梅多夫,Ziyavudin Magomedov,12,港口，天然气
1940,1867,安娜·玛丽亚·马孔德斯·佩尼多·圣安娜,Ana Maria Marcondes Penido Sant’Anna,12,收费公路
1941,1867,特伦斯（特里）·马修斯,Terence “Terry” Matthews,12,电信
1942,1867,盖尔·米勒,Gail Miller,12,"犹他爵士队, 汽车经销"
1943,1867,安德烈·莫尔查诺夫,Andrei Molchanov,12,建材
1944,1867,倪召兴,Ni Zhaoxing,12,房地产
1945,1867,小川贤太郎及家族,Kentaro Ogawa & family,12,餐厅
1946,1867,埃里克·保罗森,Erik Paulsson,12,建筑施工，房地产
1947,1867,彭浩,Peng Hao,12,电子产品
1948,1867,斯蒂芬·皮埃尔,Stefan Pierer,12,自动驾驶
1949,1867,迈克尔·普莱斯,Michael Price,12,投资
1950,1867,克莱顿·里德尔,Clayton Riddell,12,油气
1951,1867,鲍里斯·罗滕伯格,Boris Rotenberg,12,建筑施工，管道，化工
1952,1867,伊戈尔·雷巴科夫,Igor Rybakov,12,建材
1953,1867,史蒂芬·萨德,Stephen Saad,12,医药
1954,1867,K.拉伊·萨希,K. Rai Sahi,12,房地产
1955,1867,埃拉特·沙伊米耶夫,Airat Shaimiev,12,炼油，化工
1956,1867,拉季克·沙伊米耶夫,Radik Shaimiev,12,炼油，化工
1957,1867,尚吉永,Shang Jiyong,12,轮胎，化工
1958,1867,米哈伊尔·肖科夫,Mikhail Shelkov,12,钛业
1959,1867,S.D.施布拉尔,S.D. Shibulal,12,软件服务
1960,1867,沈财福,Ron Sim,12,零售
1961,1867,列昂尼德·西马诺夫斯基,Leonid Simanovsky,12,投资
1962,1867,巴斯铎·辛格,Basudeo Singh,12,医药
1963,1867,桑普拉达·辛格,Samprada Singh,12,医药
1964,1867,特里·斯诺,Terry Snow,12,机场，房地产
1965,1867,林希·斯奈德,Lynsi Snyder,12,In-N-Out Burger
1966,1867,西比尔·史托斯,Sybill Storz,12,医疗器械
1967,1867,陈锡淼,Harjo Sutanto,12,消费品
1968,1867,田中良和,Yoshikazu Tanaka,12,社交网络
1969,1867,穆罕默德·思南·塔拉,Mehmet Sinan Tara,12,建筑施工
1970,1867,里特·泰拉科门,Rit Thirakomen,12,餐馆
1971,1867,田明,Tian Ming,12,测量仪器
1972,1867,伊翁·提里亚克,Ion Tiriac,12,银行，保险
1973,1867,伊瓦尔·埃里克·托勒弗森,Ivar Erik Tollefsen,12,房地产
1974,1867,穆斯塔法·拉蒂夫·托普巴斯,Mustafa Latif Topbas,12,食品，零售
1975,1867,托马斯·图尔,Thomas Tull,12,电影
1976,1867,约翰·凡·利斯豪特,John Van Lieshout,12,房地产
1977,1867,王瀚,Wang Han,12,航空公司
1978,1867,王均金,Wang Junjin,12,航空公司
1979,1867,王文彪,Wang Wenbiao,12,天然气，化肥
1980,1867,小阿尔弗雷德·威斯特,Alfred West Jr.,12,资金管理
1981,1867,吴道洪,Wu Daohong,12,能源服务
1982,1867,吴以岭,Wu Yiling,12,医药
1983,1867,修涞贵,Xiu Laigui,12,医药
1984,1867,徐雄,Xu Xiong,12,驾校
1985,1867,徐旭东及家族,Xu Xudong & family,12,汽车零部件
1986,1867,薛华,Xue Hua,12,农业企业
1987,1867,瓦蒂姆·雅库宁,Vadim Yakunin,12,药店
1988,1867,严玉德,Yan Yude,12,私立学校
1989,1867,杨铿?,Yang Keng,12,房地产
1990,1867,杨绍鹏,Yang Shaopeng,12,航运
1991,1867,张成飞,Zhang Cheng Fei,12,纸产品
1992,1867,张静章,Zhang Jingzhang,12,精密机械
1993,1867,张克强,Zhang Keqiang,12,房地产
1994,1867,张轩宁,Zhang Xuanning,12,零售
1995,1867,张章笋,Zhang Zhangsun,12,房地产
1996,1867,周八斤,Zhou Bajin,12,汽车零部件
1997,1867,周文育,Zhou Wenyu,12,房地产
1998,1999,威廉·阿克曼,William Ackman,11,对冲基金
1999,1999,索加托·阿迪科索默,Soegiarto Adikoesoemo,11,化工
2000,1999,阿里·易卜拉欣·阿加奥格鲁,Ali Ibrahim Agaoglu,11,建筑施工
2001,1999,哈姆迪·阿金,Hamdi Akin,11,多元化经营
2002,1999,吉拉育·阿明,Chirayu Amin,11,医药
2003,1999,梅米特·艾丁拉,Mehmet Aydinlar,11,医院
2004,1999,艾曼纽拉·巴里拉,Emanuella Barilla,11,意大利面
2005,1999,吉多·巴里拉,Guido Barilla,11,意大利面
2006,1999,卢卡·巴里拉,Luca Barilla,11,意大利面
2007,1999,保罗·巴里拉,Paolo Barilla,11,意大利面
2008,1999,穆罕默特·鲁斯图·巴萨冉,Mehmet Rustu Basaran,11,银行，天然气
2009,1999,J·亚特·布朗,J. Hyatt Brown,11,保险
2010,1999,卜扬,Bu Yang,11,零售
2011,1999,毒岛秀行,Hideyuki Busujima,11,柏青哥机
2012,1999,蔡荣军,Cai Rongjun,11,电子元件
2013,1999,蔡小如,Cai Xiaoru,11,电子元件
2014,1999,德尔芬·胡戈·埃兹圭勒·卡巴罗,Delfin Jorge Ezequiel Carballo,11,银行
2015,1999,陈锦石及家族,Chen Jinshi & family,11,"建筑施工, 房地产"
2016,1999,陈奇星,Chen Qixing,11,电子元件
2017,1999,陈士良,Chen Shiliang,11,涤纶
2018,1999,陈夏鑫及家族,Chen Xiaxin & family,11,工业机械
2019,1999,玛纳斯·奇拉瓦诺德（音译）,Manas Chiaravanond,11,多元化经营
2020,1999,余帕·奇拉瓦诺德（音译）,Yupa Chiaravanond,11,多元化经营
2021,1999,普拉提普·奇拉瓦诺德（音译）,Prathip Chiravanond,11,多元化经营
2022,1999,古斯塔沃·西斯内罗斯及家族,Gustavo Cisneros & family,11,媒体
2023,1999,桑多·萨尼,Sandor Csanyi,11,金融，房地产
2024,1999,崔丽杰,Cui Lijie,11,博彩
2025,1999,党彦宝,Dang Yanbao,11,煤炭
2026,1999,巴拉特·德赛,Bharat Desai,11,IT咨询
2027,1999,约瑟夫·埃德曼,Joseph Edelman,11,对冲基金
2028,1999,沃夫冈·艾格尔,Wolfgang Egger,11,房地产
2029,1999,安德烈·弗拉托福,Andrei Filatov,11,港口，铁路运输
2030,1999,保罗·费尔曼,Paul Fireman,11,Reebok
2031,1999,J.克里斯托夫·弗劳尔斯,J. Christopher Flowers,11,投资
2032,1999,傅军,Fu Kwan,11,"房地产, 多元化经营"
2033,1999,希拉·高塔姆,Sheela Gautam,11,床垫
2034,1999,德鲁·豪斯顿,Drew Houston,11,Dropbox
2035,1999,黄世霖,Huang Shilin,11,储能电池
2036,1999,黄文仔,Huang Wen Tsai,11,房地产
2037,1999,穆罕默德·易卜拉辛,Mohammed Ibrahim,11,通信
2038,1999,石桥宽,Hiroshi Ishibashi,11,轮胎
2039,1999,本特·詹森,Bent Jensen,11,电气线性系统
2040,1999,查猜·卡尤波塔,Chatchai Kaewbootta,11,汽车贷款
2041,1999,乔纳斯·坎普拉德,Jonas Kamprad,11,IKEA
2042,1999,马赛亚斯·坎普拉德,Mathias Kamprad,11,IKEA
2043,1999,彼得·坎普拉德,Peter Kamprad,11,IKEA
2044,1999,马杜·卡普尔,Madhu Kapur,11,银行业
2045,1999,理查德·凯恩,Richard Kayne,11,投资
2046,1999,弗拉基米尔·高根,Vladimir Kogan,11,银行业
2047,1999,许伟明,Koh Wee Meng,11,房地产，酒店
2048,1999,具本俊,Koo Bon-Joon,11,电子产品，家用产品
2049,1999,林龙安及家族,Lam Lung On & family,11,房地产
2050,1999,艾萨克·拉瑞安,Isaac Larian,11,玩具
2051,1999,弗兰克·劳基恩,Frank Laukien,11,科学设备
2052,1999,李俊昊,Lee Joon-Ho,11,在线游戏
2053,1999,李尚革,Lee Sang-Hyuk,11,投资
2054,1999,南希·勒纳,Nancy Lerner,11,银行，信用卡
2055,1999,诺玛·勒纳,Norma Lerner,11,银行
2056,1999,兰道夫·勒纳,Randolph Lerner,11,"银行, 信用卡"
2057,1999,李学凌,David Xueling Li,11,直播服务
2058,1999,李坦,Li Tan,11,医药
2059,1999,李卫国,Li Weiguo,11,建筑材料
2060,1999,梁丰,Liang Feng,11,电池零件
2061,1999,梁光伟,Liang Guangwei,11,多元化经营
2062,1999,梁社增,Liang Shezeng,11,房地产
2063,1999,廖昶,Liao Chang,11,酒业
2064,1999,珍妮·林登·厄内斯,Jenny Lindén Urnes,11,粉末金属
2065,1999,刘振东,Liu Zhendong,11,产业园
2066,1999,刘志强,Liu Zhiqiang,11,多元化经营
2067,1999,陆兆禧,Jonathan Lu,11,电子商务
2068,1999,威廉·麦考利,William Macaulay,11,能源投资
2069,1999,约翰·马丁,John Martin,11,医药
2070,1999,维勒·马丁,Yves-Loic Martin,11,实验室服务
2071,1999,沙提什·梅塔,Satish Mehta,11,医药
2072,1999,尼基塔·米什金,Nikita Mishin,11,港口，铁路运输
2073,1999,康斯坦丁·尼克拉耶夫,Konstantin Nikolaev,11,港口，铁路运输
2074,1999,西蒙·尼克森,Simon Nixon,11,价格对比网站
2075,1999,迈克尔·奥莱利,Michael O’Leary,11,瑞安航空
2076,1999,理奥拉·奥弗,Liora Ofer,11,投资
2077,1999,罗贝托·安宾,Roberto Ongpin,11,多元化经营
2078,1999,尼迪·奥萨沙努格拉,Niti Osathanugrah,11,投资
2079,1999,佛兰克·奥托,Frank Otto,11,零售
2080,1999,格蕾泰尔·派克,Gretel Packer,11,赌场
2081,1999,阿尔贝托·帕拉奇,Alberto Palatchi,11,婚礼服装
2082,1999,彭建虎,Peng Jianhu,11,旅游业
2083,1999,彭蕾,Lucy Peng,11,电子商务
2084,1999,安德烈·拉帕波特,Andrei Rappoport,11,投资
2085,1999,安德里亚·赖曼-西亚德利,Andrea Reimann-Ciardelli,11,消费品
2086,1999,伊戈尔·罗滕伯格,Igor Rotenberg,11,建筑施工，房地产
2087,1999,艾伦·雷吉,Alan Rydge,11,娱乐
2088,1999,克里斯·萨加,Chris Sacca,11,风险投资
2089,1999,亚历山大·萨默维尔,Alexander Samwer,11,科技投资
2090,1999,马克·萨默维尔,Marc Samwer,11,科技投资
2091,1999,奥利弗·萨默维尔,Oliver Samwer,11,科技投资
2092,1999,沈南鹏,Neil Shen,11,风险投资
2093,1999,艾伯特·席加鲍狄诺夫,Albert Shigaboutdinov,11,炼油，化工
2094,1999,辛东珠,Shin Dong-Joo,11,零售
2095,1999,筱原欣子,Yoshiko Shinohara,11,人才资源管理
2096,1999,阿南吉特·辛格,Analjit Singh,11,医疗保健
2097,1999,史蒂芬·史密斯,Stephen Smith,11,金融与投资
2098,1999,迈克尔·斯坦哈特,Michael Steinhardt,11,金融
2099,1999,赛文·斯托尔,Svein Stole,11,投资
2100,1999,鲁斯捷姆·萨尔蒂夫,Rustem Sulteev,11,炼油，化工
2101,1999,胡里奥·帕特西奥·苏泊维勒,Julio Patricio Supervielle,11,银行
2102,1999,陈民亮,Min-Liang Tan,11,游戏
2103,1999,陈明立,Hary Tanoesoedibjo,11,媒体
2104,1999,陈江和,Sukanto Tanoto,11,多元化经营
2105,1999,张晓卿,Tiong Hiew King,11,木材，媒体
2106,1999,劳瑞·蒂施,Laurie Tisch,11,保险，纽约巨人队
2107,1999,史蒂文·蒂施,Steven Tisch,11,保险，纽约巨人队
2108,1999,詹姆斯·图卡德,James Truchard,11,软件
2109,1999,瓦迪斯·瓦迪诺亚尼斯及家族,Vardis Vardinoyannis & fam,11,油气
2110,1999,穆拉特·瓦尔吉,Murat Vargi,11,电信
2111,1999,万连步,Wan Lianbu,11,化肥
2112,1999,王苗通,Wang Miaotong,11,汽车零部件
2113,1999,王正华,Wang Zhenghua,11,廉价航空
2114,1999,文剑平,Wen Jianping,11,污水处理
2115,1999,麦伦·温茨,Myron Wentz,11,健康产品
2116,1999,夏佐全,Xia Zuoquan,11,汽车
2117,1999,谢嘉,Swift Xie,11,无人机
2118,1999,姚劲波,Yao Jinbo,11,在线市场
2119,1999,法蒂玛·图巴·亚希奇,Fatma Tuba Yazici,11,多元化经营
2120,1999,张志熔,Zhang Zhirong,11,房地产，造船
2121,1999,赵燕,Zhao Yan,11,"房地产,金融"
2122,1999,周宗文及家族,Zhou Zongwen & family,11,首饰
2123,2124,拉姆多·阿拉沃,Raamdeo Agrawal,10,金融服务
2124,2124,毛里齐奥·比利,Maurizio Billi,10,仿制药
2125,2124,萨拉·布雷克里,Sara Blakely,10,Spanx
2126,2124,皮特·波达拉密克,Pete Bodharamik,10,电信
2127,2124,曹克坚,Cao Kejian,10,空气压缩机
2128,2124,张忠谋,Morris Chang,10,半导体
2129,2124,张洪本,Richard Chang,10,房地产，电子
2130,2124,陈建铭,Chen Jianming,10,房地产
2131,2124,赵洋来,Cho Yang-Rai,10,轮胎制造
2132,2124,伊冯·乔伊纳德,Yvon Chouinard,10,巴塔哥尼亚（Patagonia）
2133,2124,爱德华·丘克列波夫,Eduard Chukhlebov,10,冶金
2134,2124,杰克·库克维尔,Jack Cockwell,10,房地产，私募股权投资
2135,2124,约翰·克里森,John Collison,10,Stripe
2136,2124,帕特里克·克里森,Patrick Collison,10,Stripe
2137,2124,亨利·戴维斯,Henry Davis,10,牛肉加工
2138,2124,佛朗索瓦·菲雷,Francois Feuillet,10,旅宿车，房车
2139,2124,藤田晋,Susumu Fujita,10,互联网媒体
2140,2124,费拉瑞特·加尔切夫,Filaret Galchev,10,建材
2141,2124,尤里·古辛,Yuri Gushchin,10,糖果，房地产
2142,2124,大卫·豪尔,David Hall,10,自动驾驶技术
2143,2124,何思模,He Simo,10,电源制造商
2144,2124,韩国龙及家族,Hon Kwok Lung & family,10,房地产
2145,2124,艾利·霍恩,Elie Horn,10,房地产
2146,2124,黄炳文,Huang Bingwen,10,包装
2147,2124,黄小芬及家族,Huang Xiaofen & family,10,电路板
2148,2124,石原昌幸及家族,Masayuki Ishihara & family,10,柏青哥机
2149,2124,塔兰·贾恩,Tarang Jain,10,汽车部件
2150,2124,姜伟,Jiang Wei,10,医药
2151,2124,姜雪飞及家族,Jiang Xuefei & family,10,电路板
2152,2124,大卫·卡比勒,David Kabiller,10,投资管理
2153,2124,莫里斯·卡恩,Morris Kahn,10,软件
2154,2124,小安东·卡特林,Anton Kathrein Jr,10,天线
2155,2124,金大日,Kim Dae-Il,10,移动游戏
2156,2124,金秉奏,Michael Kim,10,投资
2157,2124,伊戈尔·克罗莫伊斯基,Ihor Kolomoyskyy,10,银行，投资
2158,2124,具本式,Koo Bon-Sik,10,电子产品，家用产品
2159,2124,伊戈尔·库德里亚什金,Igor Kudryashkin,10,冶金
2160,2124,列夫·科夫诺伊,Lev Kvetnoi,10,混凝土，机场
2161,2124,西奥多·莱昂西斯,Theodore Leonsis,10,体育团队
2162,2124,列夫·列维夫,Lev Leviev,10,钻石
2163,2124,梁昭贤,Liang Zhaoxian,10,家电
2164,2124,约翰·刘,John Liew,10,投资管理
2165,2124,保罗·利特尔,Paul Little,10,物流，房地产
2166,2124,刘福海及家族,Liu Fuhai & family,10,纺织，能源
2167,2124,刘金成及家族,Liu Jincheng & family,10,锂电池
2168,2124,刘绍喜,Liu Shaoxi,10,房地产
2169,2124,鲁伟鼎,Lu Weiding,10,多元化经营
2170,2124,邓肯·麦克米伦,Duncan MacMillan,10,彭博
2171,2124,乔治·马库斯,George Marcus,10,房地产
2172,2124,贝尔纳多·马蒂,Bernardo Matte,10,纸业
2173,2124,埃里奥多若·马蒂,Eliodoro Matte,10,纸业
2174,2124,米恩华,Mi Enhua,10,零售
2175,2124,洛厄尔·米尔肯,Lowell Milken,10,投资
2176,2124,尼尔玛·敏达,Nirmal Minda,10,汽车零部件
2177,2124,马丁·诺顿,Martin Naughton,10,加热设备
2178,2124,瓦迪姆·诺温斯基,Vadim Novinsky,10,钢铁
2179,2124,谢尔盖·佩特罗夫,Sergei Petrov,10,汽车经销
2180,2124,卡罗琳·拉法连,Carolyn Rafaelian,10,首饰
2181,2124,劳伦斯·罗西,Lawrence Rossy,10,Dollarama
2182,2124,爱丽丝·舒尔茨,Alice Schwartz,10,生物技术
2183,2124,马丁·塞利格,Martin Selig,10,房地产
2184,2124,萨西恩?塞哈西特,Sathien Setthasit,10,能量饮料
2185,2124,埃凡·夏普,Evan Sharp,10,Pinterest
2186,2124,拉文贾拉·吉舒尔·辛哈,Ravindra Kishore Sinha,10,安全服务
2187,2124,阿克希尔·斯道科斯基,Axel Stawski,10,房地产
2188,2124,班尼·斯坦梅茨,Beny Steinmetz,10,采矿，钻石，房地产
2189,2124,德克·斯托尔,Dirk Stroeer,10,广告
2190,2124,孙尚传及家族,Sun Shangchuan & family,10,电子元件
2191,2124,山姆·泰拉西奥,Sam Tarascio,10,房地产
2192,2124,罗伯特·托尔,Robert Toll,10,住房建设
2193,2124,刘锦坤,Surin Upatkoon,10,电信，博彩，保险
2194,2124,亚历山大·维克,Alexander Vik,10,投资
2195,2124,彼得·亚历山大·维克尔,Peter-Alexander Wacker,10,化工
2196,2124,王建沂,Wang Jianyi,10,光缆
2197,2124,V.普莱姆·维茨塔,V. Prem Watsa,10,保险，投资
2198,2124,桑迪·威尔,Sandy Weill,10,花旗集团
2199,2124,温鹏程及家族,Wen Pengcheng & family,10,农业企业
2200,2124,吴崇仪,Wu Chung-yi,10,制造业
2201,2124,杨建新及家族,Yang Jianxin & family,10,服装
2202,2124,姚新义,Yao Xinyi,10,空调
2203,2124,赵小强,Zhao Xiaoqiang,10,"时尚, 娱乐"
2204,2124,周良璋及家族,Zhou Liangzhang & family,10,电气设备
2205,2124,朱兴明,Zhu Xingming,10,电气设备
2206,2124,卓军,Zhuo Jun,10,印制电路板
2207,2124,沃尔根·佐鲁,Olgun Zorlu,10,多元化经营
